#F82B35,#FA2D34,#F92935,#FB2C35,#FA2935,#FB2C35,#F72A36,#F92D36,#F82B36,#FA2A37,#F82B37,#F92B34,#F92A34,#F72B35,#FA2A35,#F82A37,#FB2C37,#FA2A37,#F92936,#F82C36,#F92D36,#FA2B36,#FA2B36,#FB2A37,#F92B35,#F82A37,#F72B36,#FA2B36,#F92A37,#FC2B37,#F92C37,#FA2936,#F72B36,#FB2B35,#F92A37,#F92B35,#FA2A36,#FA2A34,#F92936,#F92D36,#F92A37,#F82936,#FA2B37,#FA2A33,#F72835
#F92B35,#F92C35,#F92A36,#FA2C36,#F92B36,#F92B36,#FA2A35,#F92A36,#F82B34,#FA2B36,#F92A36,#FA2C36,#F92B35,#F82C37,#F82B36,#F92B36,#FA2C37,#F92B36,#F92B35,#F92B35,#F92B35,#F92A35,#FA2B37,#FA2B36,#F82B36,#F82A35,#F82B34,#F92A36,#FA2A36,#F82B35,#FA2B36,#F92936,#F82A36,#F82A36,#F82934,#F72B35,#F82C37,#F92C37,#F82B35,#F92A34,#FA2A36,#F92A36,#F92B37,#FB2A35,#F82935
#F82C37,#FA2B36,#B12237,#270505,#27030A,#290302,#250201,#240201,#260204,#240306,#290108,#240207,#240105,#280406,#270104,#270105,#270307,#260004,#230403,#260203,#240102,#250304,#260202,#270503,#250203,#250208,#240202,#250104,#270201,#290102,#270204,#250006,#240003,#230103,#210305,#250203,#2A0100,#230206,#260204,#200202,#260005,#230206,#260001,#F92C36,#FA2A35
#F82B35,#F82A36,#BA2631,#030302,#010202,#010203,#010302,#020203,#020102,#010201,#020202,#020301,#030202,#020303,#010303,#020403,#020101,#020301,#020002,#040102,#010203,#030302,#030302,#030102,#010302,#030201,#010102,#030103,#010201,#020201,#020302,#010301,#020102,#000203,#010302,#010102,#020102,#040202,#020202,#010203,#020102,#040202,#000004,#F82B37,#F82A35
#F72A37,#F92B36,#B52732,#020401,#FAF0DE,#F9F0DF,#F9F0DF,#F8F0DD,#F9F0DF,#F8F1DF,#FAF2DF,#F8F0DE,#FAEFDE,#F8EFDE,#F8F1DF,#F9F0DE,#FAEFDE,#FAEFDF,#FAF0DF,#FAF0DF,#F9F1DD,#F9F0DE,#FAF1DF,#F7F0E0,#F9F0DE,#F9EFDF,#F8F1DD,#F9F0DF,#F9F0DF,#F9F1DE,#F8F1DE,#FAF0DF,#F8F2DF,#F8F0DE,#F8F1DE,#FAF1DF,#FBF0DF,#FAF1DE,#F9F0DC,#F8F0DC,#F8F2DF,#020301,#020002,#F92B37,#F82B36
#F72B37,#F82B37,#B62932,#020303,#F9F0DD,#F9F1DE,#F9F0E0,#FAF1DD,#F9F1DE,#FBF1DD,#F9F0DD,#F8F0DE,#F9F0DE,#F8EFE0,#FAF0DF,#FAF0DD,#FAF1DF,#F8F0DE,#F8F0DF,#F8F1E0,#FAEFDE,#F9EFDF,#F7F0DF,#F7F0DE,#F9F0DF,#FAF0DE,#F7EFDE,#F9F0DE,#F9F1DE,#F8F1DD,#F9F0DE,#F9F1DE,#F9F0DF,#F8EFDE,#F9F0DD,#F8F1DD,#F8F0DE,#F9F0DF,#FAEFDF,#FAF1DF,#F9F1DE,#030204,#020001,#F82C34,#F92D37
#F82C36,#F72B37,#B8282F,#010302,#F9EFDE,#F9F0E0,#F8F1DF,#F8F0DE,#F9F0DF,#FFC207,#FFC006,#FFC106,#FFC105,#FFC105,#FFC105,#FFC107,#FFC205,#FFC205,#FFC104,#FFC005,#FFC005,#FFC203,#FFC304,#F5F1DC,#F8F0DF,#F8F1DE,#FAF0DE,#F5F2DE,#FF2858,#FF2758,#FF2859,#FF2858,#FE2858,#FF2858,#FF2857,#FF2857,#FF2959,#FFF5ED,#F9EFDF,#F8F1E0,#F8F0DF,#020203,#010000,#F82C36,#F82A36
#F82C37,#F82B36,#B52832,#020201,#F8F1DE,#F9F1E0,#F9F1DF,#FAF0DF,#FFC70E,#FFC105,#FFC204,#FFC106,#FEC105,#FFC007,#FFC104,#FFC104,#FFC106,#FFC104,#FFC105,#FFC207,#FFC007,#FFC104,#FFC104,#FFC311,#FAEFE1,#F9F1DE,#FAF2E6,#FF2D59,#FF2857,#FF2857,#FF2A57,#FF2857,#FF2857,#FF2857,#FF2856,#FF2957,#FF2956,#FF2F5D,#FB295B,#FAF0DF,#FAF0E0,#020201,#040001,#F92A35,#F92A36
#F92C37,#F82C37,#BB2630,#020301,#F9F1DE,#F9EFDC,#F9F1DF,#F9F1E0,#FFC106,#FFC205,#FFC405,#FEC105,#FFC206,#FFC105,#FFC004,#FFC105,#FFC004,#FFC105,#FFC206,#FFC204,#FFC106,#FEC205,#FFC205,#FFC106,#FBEDE4,#FAF0DF,#FBFAED,#FF2956,#FF2857,#FF2956,#FF2858,#FF2958,#FF2957,#FF2858,#FF2956,#FF2858,#FF2856,#FF2955,#FF2654,#F9F1DE,#F9F1DE,#040003,#020001,#F92C37,#F92C37
#F82B37,#FA2B36,#B4272F,#040302,#FAEFDF,#F9F2DE,#F8F1DF,#F8F0DD,#FFBF05,#FFC007,#FFC105,#FFC007,#FFC105,#FFC007,#FFC205,#FFC106,#FFC205,#FFC106,#FFC204,#FFC104,#FFC205,#FFC105,#FFC205,#FFC109,#FBEBE5,#FAEFDE,#FFF8E9,#FF2856,#FF2756,#FF2959,#FF2A57,#FF2758,#FF2856,#FF2957,#FF2958,#FF2858,#FF2957,#FF2853,#FD2354,#F8F1DF,#F8EFDF,#040203,#020001,#F82A37,#F92A36
#F82B37,#F92B36,#B12732,#020301,#F8F1E0,#FAF2DF,#F8F1DF,#F8EFDE,#F8F0E0,#FFC104,#FFC207,#FFC305,#FEC207,#FDC204,#FFC007,#FFC205,#FFC006,#FFC105,#FFC005,#FFC204,#FFC105,#FFC106,#FFC206,#FAF0E5,#FAF1DD,#E01833,#FE2956,#FF2756,#FE2856,#FF2857,#FF2957,#FF2958,#FF2957,#FF2856,#FE2857,#FF2958,#FF2958,#FDF5E8,#F8F0DF,#F9F1DE,#F9F0DF,#030202,#030000,#F82B38,#F82A37
#FA2B37,#F92C37,#B1282D,#020102,#FAEFDD,#FAF2DF,#F8F1E2,#F9F1DF,#F9F2DF,#FFC106,#FFC004,#FFC107,#FFC105,#FFC207,#FFC006,#FFC106,#FFC004,#FFC105,#FFC004,#FFC206,#FFC305,#FEC105,#F9F1DE,#F8F1E0,#F9264C,#FF2856,#FF2756,#FF2855,#FF2857,#FE2756,#FF2958,#FF2958,#FF2857,#FF2857,#FF2956,#FF2956,#F5F1DF,#F9F1DE,#F9F0DE,#F9F1DE,#F9F2DF,#010204,#000001,#F82B36,#FA2B37
#F82B37,#FA2A36,#B7272E,#020201,#F9F1DD,#F9F1DE,#FAF1DE,#F9F0DE,#F8F1DE,#FAF1DF,#FFC103,#FEC006,#FFC007,#FFC106,#FFC205,#FFC204,#FFC104,#FEC105,#FEC205,#FFC004,#FFC006,#FFC106,#FAEFE0,#F7F2DE,#FB224E,#FE2856,#FF2656,#FF2756,#FE2857,#FF2956,#FF2757,#FF2758,#FF2857,#FE2957,#FF2857,#FF2856,#FAF0DC,#F8F0DF,#F9F1DF,#F9EFDF,#F8F0E0,#020201,#010000,#F92B36,#F82A37
#F8F0E2,#F8EFDF,#BDB5AD,#040301,#FAF1DF,#F8F1DF,#F8F0DE,#FAF1DF,#F8F1E0,#F8F0DF,#F8F1D8,#FEC20B,#FFC104,#FDC105,#FFC206,#FFC004,#FFC104,#FFC206,#FFC304,#FFC104,#FFC005,#F4F1D8,#F8F0DF,#FF2952,#FD2654,#FF2A55,#FE2857,#FF2857,#FF2856,#FF2957,#FF2959,#FF2958,#FF2858,#FF2958,#FF2956,#F6F0DE,#F8F0DD,#F8F0DE,#F8EFDE,#F8F1DF,#F8F1E1,#010302,#000000,#F9F0DF,#F7EFDF
#F8EFE0,#FAF0DE,#C1B9AF,#020401,#F9F1E0,#F9F1DD,#F9F0DE,#F9F2DE,#F8F1E0,#FAF1DE,#F9F1DF,#FFC508,#FFC203,#FEC106,#FFC304,#FFC206,#FFC107,#FFC203,#FFC206,#FFC003,#F1BC26,#F9F0DF,#FACDCA,#FF2757,#FF2A57,#FF2956,#FF2756,#FF2757,#FF2857,#FF2857,#FF2A57,#FF2A58,#FF2857,#FF2757,#E30B35,#F8F3DE,#F8F0DC,#F9F0DD,#F9EFDF,#F9EFDF,#FAF0DE,#030102,#000000,#F8F1DE,#FAF0DF
#F8F0E0,#F8F2DF,#BFBBAF,#010302,#F9F1DE,#F8F2DE,#F8F2E0,#F8F0DE,#F9F1DE,#F8F1DF,#FAF1DF,#FFC503,#FEC607,#FFC108,#FFC206,#FFC304,#FFC305,#FEC204,#FFC104,#FFC106,#F9F1DF,#FAF1DE,#FF2756,#FF2857,#FF2856,#FF2957,#FF2756,#FF2857,#FF2B57,#FF2858,#FF2858,#FF2758,#FF2758,#FE2956,#F9F1DE,#F8F1DF,#F8EFE1,#F9F0DF,#FAF0E0,#F9F1DD,#F9F0DE,#020303,#000000,#F8F1DF,#F9F2DF
#F9F0E0,#FBF0DE,#C4BBB2,#010301,#F9F2DF,#F9F1DE,#F8F1DF,#F8F0DF,#F9F1DE,#F8F0DE,#F9EFDE,#F8F0DF,#F5B90D,#FDC105,#FFC204,#FEC204,#FFC204,#FFC005,#FFC205,#FFC105,#FAF1DE,#FAF0DD,#FF2855,#FF2A55,#FF2955,#FF2957,#FF2757,#FF2957,#FF2857,#FF2956,#FF2A57,#FF2858,#FF2858,#FF2857,#F8F0DF,#F7F2E0,#F7F2DF,#F9F1DE,#F9EFDF,#FAF2DE,#F8EFDF,#020202,#000000,#F9F1DE,#F9EFDF
#F9F1E0,#FAF0DD,#C1BBB2,#020301,#FAEFDE,#FAF3DE,#F8F1DE,#F7F1DE,#F9F2DF,#F9F0DF,#F9F0DF,#F8EFDD,#F9F0DE,#F9EFD9,#FFC206,#FFC104,#FFC105,#FEC205,#FFC305,#F8F1E1,#F8F1DD,#F8F0DE,#FAF1DF,#FF2855,#FF2957,#FF2957,#FE2756,#FF2857,#FF2957,#FF2956,#FE2959,#FF2858,#FD2A57,#F7F0DE,#F8F2DE,#F9EFDF,#F8EEDF,#FAF0DD,#F9EFDD,#F8F2DF,#F9F0DF,#020401,#000100,#FAEFDD,#F9F1DE
#F9F1DE,#F9F1DF,#BEB7AD,#010101,#F8F1DE,#F9F0DF,#F9F0DE,#F9F1E0,#FAEFDE,#F8F2DF,#F9F0DE,#F8F1DF,#F8F0DF,#F8F0D9,#FFC106,#FFC104,#FFC203,#FAEDDC,#F8F1E0,#F9F1DF,#F8F0DD,#F9F0DE,#F8EFDE,#F8F1DE,#F9F1DF,#F9EEE0,#F8F1DF,#F9EFE0,#F7F1DF,#F9F0E0,#F9F1DF,#F8F0E1,#F9F0DF,#F8EFDD,#F9F1DF,#F7F0DD,#F9F2E0,#F9F1DE,#F9F1DF,#F8F1DE,#F8F1DE,#010202,#000000,#F9F1E0,#F8F0E0
#FAF1DF,#FAF0DF,#C1BDB3,#030300,#F9F1DF,#F9F2E1,#F9F0DF,#FBF0DF,#F9F2E0,#FBF1E0,#F9F1DF,#F8F1DF,#FAF0DF,#F8EFDD,#F8F2DC,#FFC106,#FFC104,#F8F2D7,#F9F1DF,#F9F1DE,#F9F0E0,#3B5EFE,#3C60FC,#3C62FB,#3E5DFC,#A5A7E1,#F8F0DE,#FAF2DF,#FAF1DF,#F9F3E0,#F8F3DF,#F9F1DE,#F9F1DE,#FAF0DE,#F9F2E0,#F8F0DD,#F9F1E0,#FAF0E0,#F9F2DF,#F9F2E0,#FAF0E0,#010202,#000100,#F9F1DF,#F9EEDE
#F8F1DF,#F9F0DF,#C1B8B2,#030303,#F8F1DF,#F8F1E0,#F8F0DF,#F8F0DE,#F9F1DF,#F9F1E0,#FAF1DE,#F7F1DD,#FAEFDE,#F8EFDC,#F9F2DF,#FCF3E4,#F9F3E4,#FBF0D8,#F9F2DF,#F7F1E0,#8694DC,#3B5FF7,#3B5FF7,#3A5EFA,#3A60F8,#A5BCFE,#E2F4F6,#F8F0DE,#F9F2DF,#F9F0DE,#F8F0DE,#F9F0DF,#F8F1DE,#F9EFDE,#F8F0DE,#F8F0DD,#F9F2DE,#F8F1DE,#F9F1DE,#F9EFDF,#F8F0E0,#020203,#000100,#F7EFDE,#F8F0DF
#F8F1DF,#F8F1DF,#C8C1B5,#010201,#F9F1DE,#FAF2DD,#F9F1DE,#F9F3DF,#FBF1DF,#F9F0DE,#F9F1DE,#F9F0DE,#F9F0DF,#F8F0DD,#F9F0DE,#F8F1DD,#FAF1DF,#F9F1DE,#FBEEDE,#FEF1D7,#3A60F8,#3A60FB,#3B5FFA,#3B5FFA,#3D60FA,#3A60F7,#2645FB,#FAF1D5,#F9F1DE,#F9F1DE,#FAF1DF,#FAF1DF,#F9EFDF,#F7F0DE,#F9F1DE,#F9F0DF,#F8F0DF,#F9F0DD,#F9EFDD,#F9F1DF,#F9F2E0,#000201,#000000,#F9F1DD,#F8F1DE
#F9F1E0,#F9F1DE,#C0BCB2,#030101,#F9F1DE,#F9F1E0,#FAF1DF,#FAF1DE,#F9F0DF,#FAF1DE,#F9F1E0,#F9F0DE,#FAF0DE,#F8F0DF,#F8F1DD,#F9F0DF,#F8EFDE,#F9F1DE,#FAEEDF,#3B5EF9,#3D60F9,#3B5FF9,#3B5FF9,#3A5FF9,#3B60FA,#3C5FF9,#3A60F9,#3B5FFB,#F9F2DF,#F8F0DE,#F8F0DE,#F9F1DF,#F9F0DE,#F9F1DD,#FAEFDE,#F7F1DE,#FAF1DF,#FBF1E1,#F9F0DE,#FBF0DF,#F9F1DE,#020201,#000000,#F9F1DF,#FAEFDE
#F9F0DF,#FBF1DF,#BFBAB2,#030302,#F9F0DE,#FBF1DE,#F8F2DF,#F9F1DF,#FAF0E0,#FAF0DE,#F9F0DE,#F8F1DF,#F9F0E0,#F8EFDE,#F9EFE0,#F9F0DE,#F9F0DE,#F8F0DF,#F9EFDA,#3B60F9,#3A60F9,#3B5EF9,#3B5FF8,#3B5FF9,#3B5EF9,#3C60F9,#3B5FF9,#3A5DFB,#F9F1DE,#F9F1E0,#F7F1DD,#F9F1DE,#F8F2DD,#F9F0DF,#F8F3DF,#F8F0DF,#F9EFDF,#FAEFDF,#F9F0DE,#FAF0DE,#F9F0DF,#020302,#000000,#FAF0DF,#FAF0DF
#F9F0E0,#F9F1DF,#C4BEB6,#030401,#F7F1DE,#F9F2DF,#F7F0E0,#F9F1DE,#F9F2DE,#FAF1DF,#F9F1DE,#F8F0DF,#F9F0DF,#F7F0DF,#F8F0DF,#FAF2DE,#F9EFDD,#F7F1DD,#FAEEDA,#3B61FB,#3C5FF9,#3B61F9,#395FF9,#3A5FFA,#3A5FF9,#3C5FF9,#3B5EFA,#3A5FFA,#FAF0DF,#F9F0DE,#F8F1DF,#FAF1DF,#F9F2E0,#F9F0DD,#FAF1DE,#F8F2DE,#F7F1DE,#FAF0DE,#F9EFDE,#F9F0DF,#F9F1DF,#030304,#000000,#F9F0DF,#FAF1DD
#FAF2E0,#FAF2DF,#C3BEB4,#020202,#F7F1DE,#F8F2E0,#FAF2DF,#F9F1E1,#FBF1DF,#F9F1DE,#F8F1E0,#F9F1DF,#F7F0DF,#F9EEDE,#FBF1DE,#F9F1DD,#F9F1DE,#F9F3DF,#F9EEDB,#3B5EFA,#3B60F9,#3C5FFA,#3B60F8,#3A61F9,#3B60F9,#3B5EF8,#3B60F9,#3B5FFA,#F8F1DF,#F8F1DF,#F7F0DF,#F8F0E0,#F9F0DF,#F9F2DF,#FAF1E0,#F9F1DE,#FAF1DF,#F9F2DF,#F9F0DF,#FAF0DF,#F9F1E0,#030202,#000000,#F9F1DF,#F9F1DF
#F8F2DE,#FBF1DF,#C1BBB2,#030201,#F8F0DE,#F9F2DE,#F9F0E0,#F9F0DF,#F8F2DF,#FAF0DF,#F8F1DF,#F9F1DF,#F9F0DE,#F8F1DD,#FAF1DF,#F9F0DE,#F9F0DF,#F8F1E0,#F8F0DD,#F7F1D7,#3A61F9,#3C60F9,#3A5FFA,#3B62F8,#3B60F8,#3B60F9,#3663FF,#F8F1DD,#F9EFE0,#F9F0DF,#F9F2E0,#FBF1DF,#F8F0DE,#F9F0DF,#F8F2DE,#F8F1DE,#F8F0DE,#F8F2DE,#F9F0DF,#FAF0DF,#F8F2DF,#000301,#010000,#FAF0DF,#FAEEDF
#F9F1DE,#F8F1DF,#C1BBB1,#040301,#F8F2DE,#F9F0DD,#F8F1DD,#F9F0DF,#F9EFDF,#FAF0DE,#FAF0DE,#F8F1DE,#F9F0DD,#F8F1DD,#FAF0DF,#F8F2DE,#F8F1DE,#F7F0DD,#F8F0DE,#F9F1DE,#FCF5E5,#3B61FA,#3B60F9,#3B61FA,#3B61FA,#A0AED4,#F9F4E7,#FAF1DF,#F9F1DE,#F9F1DD,#F9F1DD,#FAF1DE,#F9F1DF,#F9F1DF,#F9F1DF,#F9F0DD,#F9F1DD,#F9EFDD,#F9F0E0,#F9F0DF,#F9F0DE,#020301,#010000,#F9F0DE,#F9F0DD
#F8F0DF,#FAF0DE,#C1BDB6,#040402,#F9F1DF,#FAF1DF,#F9F2DE,#F8F1DD,#F9F0DF,#F9F1E0,#F9EEDF,#F9F0DF,#F9EFDF,#F7EFE0,#F9F0DF,#F8F3DE,#F8F1DF,#F9EFDE,#FAF0DD,#F8F1DE,#F8EFDF,#466DFF,#4669FF,#4870FF,#476CFF,#A7ADFF,#F7EEDD,#F9F0DE,#F8F1E0,#F9F1DE,#F8F0DF,#FAF1DD,#F8F1DE,#F9F1DE,#F9F1E0,#F8F0DE,#F9F0DF,#F9F1DE,#FAF1DD,#F7F1DF,#F9F0DE,#030102,#000000,#FAF1DE,#FAF0DE
#F8F0DF,#F9F1DE,#C1BCB3,#030202,#F8F1DF,#FAF0DE,#FAF0DF,#F9F1DF,#F8F0DF,#F9EFDF,#F8F1DD,#F8F1DE,#F8F0DF,#F7EFDF,#F8F1DE,#F8F2DE,#F8EFDD,#F7F1DD,#F7F1DF,#F8F1DE,#F9F1DE,#F9F0DE,#F9F1DE,#F8EFDE,#F8F0DD,#F9EFDF,#F9EFDF,#FAF0DE,#F9F1DF,#F8F0DE,#F9F0DF,#F9F0DF,#F9F1DF,#F9F0DC,#F9F0DE,#F8F0DF,#F9F0DE,#F9F0DE,#F8EFDF,#F8F1DE,#F9F1DD,#030202,#000000,#F9F0DD,#F8F0DE
#FAF0DE,#FAF1DE,#C0BCB3,#030202,#F9EFE0,#FAF2E0,#F9F1E0,#F9F0DE,#030200,#020100,#020202,#F8F0DE,#F9F1E0,#F5F0DD,#FA2B38,#F92A38,#F8F1DE,#F82C39,#F92A38,#F72B38,#F8F1DF,#FAF0E0,#010201,#020201,#F3E8D5,#F9F1DE,#F8F1DE,#F8F0DF,#010402,#F0E7D6,#F5EDDC,#010102,#F8F1E0,#F9EFDE,#F8F1E0,#F9F2DE,#FAF1DF,#F8F1DF,#F8F0DF,#FAF0DE,#F8F0DF,#030301,#000000,#F8F2E0,#F8F0DD
#F9F0DE,#F9F2E0,#C1BAB3,#040401,#F8F0DE,#F9F1E0,#F9F1DF,#F8F0DF,#FAF0DF,#040203,#F9F0DD,#FAF0E0,#E31928,#F82B3A,#FB2C38,#FA2A38,#F82A36,#F92A39,#F92B39,#F82A37,#F82A38,#F9F1DF,#030200,#030203,#F2E8D7,#F9F1DE,#F9F1DF,#F9F0DF,#020303,#F2E7D7,#F8F1DF,#FAF1E0,#F8F0DF,#F8F0DF,#F9F1DF,#F8F1DF,#F7F1DE,#F9F0DF,#FAF1DF,#F9F1DE,#F8F0E0,#020303,#000000,#F9F1DF,#F8F1E0
#3C5BDD,#3A5CDB,#3747A4,#010301,#FAEFDF,#FAF0E0,#FAF0DE,#F9F3DE,#F8F1E0,#030302,#FAF1DF,#F9EFDF,#E31828,#F82A37,#F92B38,#F92A37,#F92937,#F92B39,#FA2C37,#FA2B38,#F92A37,#F8F0DF,#F9F0DF,#020201,#020000,#CCC7BA,#F3EAD7,#020101,#020400,#FAEFDF,#F4EDDD,#020302,#FAF1DE,#FAF0DF,#010201,#000001,#030102,#F2EADB,#F9F1DE,#FAF1E0,#F8F1E0,#030201,#000000,#3C5BDC,#3A5ADD
#3B5BDE,#3D5EDB,#3743A6,#040201,#FAF0DF,#F7F0DF,#F7EEDF,#F9F1DF,#F9EFDF,#020302,#F8EFDD,#F8F0DF,#E71728,#F82A39,#F92B39,#F82C38,#F82B39,#F82B38,#F92A39,#F82938,#F82C37,#F9F0E0,#F8F1DE,#020001,#020201,#CDC5BB,#F5ECD9,#020202,#020102,#F9F1DE,#F4EDDC,#020203,#F9F0DE,#010001,#010100,#FAF2DF,#000000,#010001,#000000,#F9F0E0,#F9F0E1,#030202,#000000,#3A5ADB,#3B5BDD
#3C5CDD,#3B5BDD,#3342A5,#010302,#F8F1DF,#F9F2DC,#F8F2DE,#F8F2DF,#F9F0DF,#020102,#F9F1DF,#F8F0DE,#E31729,#FC2E37,#F92C38,#F82A39,#F82B39,#F92A37,#F92C38,#FB293B,#FC2837,#F8F1DE,#F9F1DD,#000000,#090808,#D0C8BC,#F4EBD7,#020101,#060100,#F9F1DF,#F3EDDB,#020303,#F8F0DE,#040201,#030101,#F9EFE0,#010000,#030302,#010000,#F8F1DF,#F9F2E0,#020203,#000100,#3B5CDD,#3C5BDD
#3B5BDD,#3C5BDC,#3241AB,#020102,#F9F1DF,#F9F0DF,#F9F0DE,#F9F2E0,#F9F0DD,#010200,#F9F1DF,#F7F1DE,#F9F0E0,#F7EEE1,#F72B39,#F92B3A,#F82B37,#F82D38,#F92839,#F92A39,#F9F0DE,#F9F0DE,#F8F0DD,#FAF0DF,#2B2B2C,#CDC4BA,#F5EAD9,#010200,#F9F0E0,#F7F1DD,#F4EDDD,#030202,#FAEFDD,#010101,#030102,#F8EEE0,#000102,#020400,#020000,#F9F1DE,#FAF1DD,#040202,#000000,#3A5CDE,#3C5BDE
#3D5BDD,#3A5CDF,#3240A7,#010200,#F8F1DE,#F9F1E1,#F9F0DF,#FAF1DE,#F9F1DF,#030000,#F8F0E1,#F9F0E0,#F8F0E0,#F9EFDC,#F9F0DE,#F82A38,#F92A37,#FA2B38,#F52F38,#F9F1DE,#F9F1E0,#F9F0DF,#F8F0DF,#F9F0E0,#282729,#020202,#010300,#000202,#F8F0DE,#F9F1E0,#F3EEDD,#020204,#F8F1DF,#020202,#000100,#F8EEDF,#000001,#020301,#010002,#FAF0DF,#F8EFE0,#020100,#000000,#3B5CDE,#3C5BDE
#3D5BDD,#3C5CDD,#343FA6,#030202,#F8F0DE,#F9F1DF,#F8F0E0,#F9EFDE,#030202,#030201,#020101,#F6EEDD,#FAF0DE,#F8EFE0,#F9F0DF,#F9F2DD,#F72E36,#F7EFDE,#F7F0E0,#F9F0E1,#F8F0DF,#F9F2DE,#F7F0DF,#F8EFDD,#F8F0DD,#000000,#111216,#F8EFDE,#F9F1DE,#F7F0DF,#F6EDDD,#030403,#F8F0E0,#F9F0DD,#010203,#030303,#030202,#F4ECDA,#F8F0E0,#F9F0DE,#F9F0E0,#020303,#000001,#3A5BDD,#3B5CDD
#3B59DC,#3C5CDC,#313EA0,#020100,#FAF2DE,#F9EFE0,#F7F0DE,#F8F1DF,#F7F0DE,#F8F1E0,#FBF1DE,#F9EFDF,#F8F0E1,#F8EFDC,#F9EFDF,#F8F0DD,#F8EFE0,#FBF1DE,#F8EFE0,#F8F0DC,#F8F0DF,#F7EEDC,#F7EFDF,#FAF2DD,#F9F0DF,#F9F0E0,#F8EFDD,#F7F1E0,#F7F1DF,#F8EFDD,#FAF1DF,#F7F0E1,#F9EFDD,#F9F1DD,#F6EEE0,#F8EFDE,#FAF2DD,#FAEFDF,#F8EFE0,#F9F2E0,#F7EFDF,#030102,#000000,#3B5ADE,#3B59DE
#3C5CDE,#395DDE,#3341A3,#010301,#FAEFDE,#F9F2DF,#F9F0E0,#F9F1E1,#FAF1DF,#F9F0DF,#F8F0DD,#F7F2DF,#F8F1DE,#F7F0DE,#FBF1E0,#F9F1DF,#F9F1DD,#F8F2DE,#F8F2DF,#F9F2E0,#FAF1DF,#F9F0DE,#FAF0DD,#FAF1DE,#F7F1DD,#F8F0DE,#F9EFDF,#FBF0DF,#F9F1E1,#F8F1DD,#F9F1DE,#FAF2E0,#F8F1DF,#F9F2DF,#F9F1DF,#F9EFDD,#F9F1DF,#F9F1DF,#F9F2DE,#F7F2E0,#F8F0DF,#020203,#000001,#3A5CDD,#3A5BDC
#3B5DDD,#3B5CDD,#3241A2,#020101,#F8F1E0,#FAF0DD,#FAEFDE,#F9F1DF,#F9F1DF,#FAF1DE,#FAF2DE,#F8F1E0,#F8F1DF,#F8F0DD,#F9F1DE,#F8F1DF,#F8F1DE,#F8F0DE,#FAF0E0,#F9F1DF,#F8F2E0,#F9F1DE,#F8F1DF,#F8F0E0,#F9F0DF,#F9F0DF,#F8F0DF,#F9F0DF,#F8F1DE,#FAEFDF,#F9F2DF,#F8F0E0,#F7EFDF,#F9F0DF,#F9F2DF,#F9F1DF,#F9F1DF,#F7F1DF,#F9F1DF,#F9F1DE,#F9F1DF,#020102,#000000,#3B5BDD,#3A5ADD
#3B5BDD,#3B5CDD,#303EA0,#030400,#030300,#010200,#020301,#020201,#030201,#010201,#030102,#030102,#030102,#020201,#040201,#020103,#040403,#020402,#030301,#030102,#020303,#040301,#030202,#040303,#020102,#020103,#010201,#030203,#010303,#040303,#020300,#030103,#020202,#030201,#020300,#040301,#030201,#030100,#030103,#020302,#010302,#020203,#000002,#3B5BDC,#3C5ADC
#3C59DD,#3B5CDC,#3D4EB5,#081848,#09194E,#061649,#08184C,#08174C,#08194E,#0B1A4D,#0A194D,#07184C,#07184D,#09184C,#08194C,#071A4A,#08174A,#07174C,#09164B,#091848,#071A4D,#09184D,#07174E,#08184D,#05184C,#08164F,#08174A,#08194D,#09164B,#08184D,#0A174F,#0A174D,#0A184D,#07154B,#061748,#05184E,#0A1649,#08174D,#061A4E,#0A194D,#07184C,#0A184B,#061444,#3B5CDD,#3C5BDE
#3B5CDB,#3B5BDB,#3B5CDC,#3A5BDD,#3B5BDD,#3B5DDD,#395DDD,#395CDE,#3A5ADC,#3B5DDD,#3B5ADD,#395CDC,#3C5ADE,#395DDD,#3A5CDD,#3B5BDC,#3A5ADD,#3A5BDE,#3B5BDE,#3A5BDE,#3C5ADD,#3A5BDD,#3A5BDE,#395BDE,#3B5CDE,#3B5BDF,#3A5CDC,#3A5CDD,#3C5BDE,#395BDC,#3B5BDF,#3A5DDE,#3A5ADD,#3A5BDE,#3A5DDE,#3A5CDB,#3B5BDD,#3B5BDC,#3C5BDD,#3B5CDC,#3A5BDE,#3A5EDE,#3A5BDD,#395BDD,#3B5CDE
#3B5ADC,#3A5BDD,#3B5BDE,#3C5CDE,#395CDD,#3B5BDE,#3B5ADE,#395ADE,#3B5BDD,#3C5BDD,#3B5ADD,#3B5ADC,#3B59DF,#395BDD,#3A5BDE,#3B59DD,#3B5BDE,#395BDD,#3A5BDF,#3A5AE1,#395BDD,#3B59DF,#3A5BDF,#395BDF,#3C5BDF,#3959DF,#3A5BDE,#3C5BDE,#3A5BDE,#3A5BDE,#3C5CDE,#3A5AE1,#3C5ADE,#3A5BDE,#3A5BDE,#3B5ADD,#3A5ADE,#395BDE,#3B59DE,#3A5ADC,#3A5CDE,#3A5CDD,#3B5BDD,#3B5BDF,#3A59DF
