#FBF0D9,#FDF2D8,#FCEED9,#FDF1D9,#FDEDD9,#FDF0DB,#FAEEDB,#FBF2DB,#FBEFDB,#FDEEDC,#FBEFDB,#FBEFD9,#FBEDD8,#F9EED9,#FCEEDA,#FBEDDA,#FEF0DB,#FDEEDB,#FBECDA,#FBF0DA,#FCF1DB,#FCEFDB,#FCEFDA,#FEEFDB,#FBEFD8,#FBEDDB,#FAEEDA,#FCEEDA,#FBEDDA,#FEEFDB,#FCF0DA,#FDEDD9,#F9EFD9,#FEEFD9,#FCEDDB,#FCEFDA,#FCEED9,#FCEED8,#FBECD9,#FBF1DA,#FBEDDB,#FBEDD9,#FCEFDA,#FDEED7,#F9ECD9
#FCEFDB,#002EA1,#002E9E,#0032A3,#0030A0,#002F9E,#00309E,#0031A3,#022DA1,#002C9D,#002A9F,#002E9E,#0030A2,#0033A5,#0035A1,#002F9E,#002E9F,#002FA2,#002EA3,#0031A2,#002EA0,#002EA3,#0030A6,#002DA2,#002EA3,#002DA1,#00319F,#0030A3,#0230A0,#00309F,#002E9E,#002EA0,#002F9E,#002EA1,#00309C,#00309C,#0533A5,#002FA2,#002F9C,#002F9E,#002FA5,#002B9C,#002FA2,#022AA7,#FAEED9
#FCF1DD,#052A9A,#FAEEDA,#FBEFDA,#FBF0DB,#FCF0D9,#FAEFD8,#FBF0D8,#002B94,#FFF2DB,#FCF6E3,#F6F4E2,#F9F5DE,#F7EBD6,#F6F2E6,#FBF2E0,#FAF6E0,#F5F5DD,#FDF0D3,#F9F7DB,#F7F3DD,#F6F5E0,#F6EDD7,#F8F9DE,#F6F3D9,#F8F4E0,#F2F1DD,#FFF0CE,#F8F7DC,#F8F7DD,#F8F6DF,#FCEFD9,#F6F4DD,#F9F7DC,#F7F8E0,#FFF3E0,#022994,#FBEFDA,#FFF2E7,#FAEFD8,#F2F6EF,#F4E9D9,#EFE8D4,#002AA3,#FCEFD8
#FCEFDA,#00289B,#FCEEDA,#C1C0C2,#F8EDD6,#FAEEDA,#9DA4C8,#FDEED9,#002A98,#FEEAD7,#002D9F,#7591C8,#133999,#F7EBDB,#002DA1,#91AAD3,#839AC6,#002D9D,#FFEADD,#11389A,#8EA9CC,#002D9C,#F9EEDA,#002A9F,#83A1C7,#8DA5C3,#002597,#EDEBEB,#7A98CE,#82A1CA,#002C9D,#FCF0D8,#04329D,#7491C7,#002E9C,#FEEBD6,#002998,#FDEED8,#002D99,#4E5DA1,#002E9A,#5370AE,#F9EEE6,#0028A6,#FBEED9
#FAEEDC,#042A9E,#FBEDD9,#FAFBEA,#05339C,#002AA3,#FAF1DD,#FCEFD7,#002A9B,#FFEBD7,#012F9F,#6172B7,#1D3594,#F9EDDA,#002CA3,#003297,#FDEED9,#0129A0,#FEEED9,#042F9F,#D5DAE6,#002C9D,#FBEED5,#002CA1,#0231A0,#FDEDDD,#002899,#F2F0EE,#02279F,#FFEFDC,#002B9F,#FDEFD9,#0233A4,#1F4181,#002D9B,#FFECD8,#03289A,#FCEFD9,#FDF5D8,#002D9E,#0030A0,#314A89,#F9ECCF,#0029A6,#FBEFD9
#FBEFDC,#0029A1,#FBEFD7,#213A82,#012C97,#002E9F,#FCEEDA,#FDEFD7,#012FA0,#FFEBE0,#FBE6D8,#6F82BC,#19348B,#F8ECDB,#FFEECE,#002DA2,#FDEFD8,#002C9C,#FCEED6,#FAF2EE,#DDDAE5,#0129A4,#F6EED4,#FDE9D9,#002B9D,#FCEEDF,#00279A,#FAEFD5,#002BA0,#F8EEDB,#0029A1,#FCEFD8,#FCEBD0,#1D3E95,#002D9E,#FFEED3,#0129A2,#FCEFD9,#022C9C,#FDE6D4,#002AA7,#8999D4,#FAF1DB,#002AA3,#FBF0D9
#FCF0DB,#03299D,#F8F3DF,#D6DEDC,#002D95,#002DA0,#0329A7,#FBEED8,#002D9F,#002EA0,#002BA2,#7C8BC3,#243A8B,#002E9F,#002D9F,#012CA5,#FCEFD9,#00318D,#002CA2,#002CA0,#E3E2EB,#002E98,#002FA1,#002BA2,#002CA0,#FBEFDA,#002DA0,#002FA0,#002DA2,#FBEFD6,#0228A7,#002AA1,#002C9F,#244291,#012BA4,#002BA6,#002EA3,#FAEED9,#002AA6,#002F9F,#FEEAD6,#012CA7,#F8F2D8,#002AA2,#FAECD8
#FBF0DC,#032A9E,#FBEFD8,#FBEDD6,#003298,#002DA1,#FEEED8,#FEEFDA,#002F9D,#FBEEDA,#FDEFD8,#FAEEDA,#F9EFDA,#FAEDDB,#FAEFD9,#FBEED9,#FAEEDA,#FBEED8,#FBEEDB,#FBEFDB,#FAEDDB,#FBEED9,#FAEDD9,#FBEDDB,#FBEFD9,#FBEFD9,#FAEDDA,#FBEED9,#FDEFDA,#FBEFD9,#FAF0DA,#FCEEDA,#F9EEDA,#FBEEDA,#FAEFDA,#FAEFDA,#012A9A,#FCEED8,#FBEDD8,#012E97,#FFE9DD,#213A90,#FCEDD7,#0027A4,#FCEDD9
#FDF1DC,#032BA0,#F9ECD8,#17328B,#002DA0,#002B9E,#002F9A,#FDF0D9,#022F9E,#FBEFDA,#FBF2DA,#FAEEDA,#FBEFDB,#FBEED9,#FCEED9,#FBEFDA,#FBEEDA,#FAEFDA,#FBEFDB,#FBEFD9,#FBEFDB,#F9F0DA,#FBEFDA,#FBEFDB,#FAEFDA,#FCEEDA,#FCEFDC,#FBF0DA,#FBEFDB,#FBF1DA,#FDEFDB,#FCF0DB,#FCEFDB,#FAEFDB,#FBF0D9,#FAEFDB,#002A9B,#FBF1D3,#FAEBD4,#FEEAC5,#0227A9,#FBE9D7,#F8EBD7,#002EA8,#FBEFD9
#FBEFDD,#042DB0,#062F95,#083197,#072C9A,#042F94,#002E9B,#0A3391,#113288,#FBEDDC,#FCEFDB,#FBEEDB,#FBEFDA,#FBEEDB,#FAEFDA,#FBEEDB,#FAEFDA,#FBEFDC,#FCEFDA,#FBEFDA,#FAF0D9,#FAEFDA,#FCF0DB,#FCF1DC,#FBEFDA,#FBEFDA,#FDF0DB,#FAEFDA,#FBEEDA,#FDF0DC,#FDF1DB,#FBEEDB,#FAEFDA,#FCF0DA,#FBF0DC,#FBEEDA,#0B2E86,#062E8E,#00289D,#06318F,#052E8E,#0A2F95,#082C95,#012DA9,#FCEED7
#FBEFDB,#002A9B,#F5F3E7,#6074B1,#5E74B9,#FCEFD5,#012BA0,#FAEDD8,#FAEEDB,#FBEED9,#FBEFDB,#FCF0DA,#FAF0DC,#F9EFD8,#FBEEDC,#FBF0DA,#FAEEDB,#FCEFDA,#FBEEDA,#FBF0D9,#FBEFDA,#FBEEDB,#FAEFDB,#FCEFDC,#FCF0D9,#FBEFDB,#FAEFD9,#FAEDDA,#FAF0DA,#FBEFDB,#FAEFDA,#FBEFDB,#FAF0DA,#FAEED9,#F9EFDB,#FAEEDC,#FBEFDB,#FAEFD9,#002C9E,#FBEED2,#5D79B2,#5F74B4,#F1EADE,#0027A5,#FBEDDA
#FDF0DD,#002D9F,#F1F3D1,#E0E9F0,#022D9F,#022EA4,#022AA4,#FBEFDA,#FBF0DA,#FCEFDA,#FCEED8,#FBECE2,#FCEDDD,#FAEEDD,#FCECDF,#FCEEDD,#FCEDDB,#FBEEDD,#FCEDDA,#FBEFDC,#FCF0DB,#FAECDC,#FBF0D5,#FBF0DB,#FAEEDA,#FBEEDA,#FCEEDA,#FCEDD8,#FAEFDB,#F2F0D8,#F6F0DA,#F5F1DA,#F6F0D9,#F3F1D8,#FAF0D9,#FBEFDA,#FAF0DA,#FAEEDB,#002D9C,#032EA9,#013199,#BFD5E8,#F8F0DF,#0027A4,#FDEEDA
#FCF0DC,#002AA2,#F4F3D5,#E2E9E6,#FDECDD,#FBEDDA,#FEEDD6,#FBEED8,#FAEFDA,#FCF0D8,#FAEED7,#FEC100,#FFC101,#FFC200,#FFC300,#FFC300,#FEC300,#FEC300,#FEC300,#FFC100,#FFC100,#FFC200,#FFC100,#F9F1D8,#FAEFDB,#F9EED9,#FBEDD8,#FEA7AC,#FE1F59,#FF2058,#FF1F59,#FF1F5A,#FF1F59,#FD2058,#FBEDDA,#FDEFDA,#FCF1D9,#F9EED9,#FAEED7,#FCEBDD,#FBECDB,#D3DFE5,#F8F2DB,#0027A3,#FBEDDA
#FCF0DF,#002AA2,#F2F1D4,#032AA2,#012AA3,#002AA5,#00299E,#FCEFD9,#FAEFDA,#F8EEDF,#FFC300,#FEC200,#FFC200,#FDC200,#FFC400,#FFC100,#FFC300,#FFC400,#FFC400,#FFC200,#FEC200,#FEC200,#FEC200,#FFC300,#F9EDD9,#F9F0D7,#FEC8C6,#FF1F59,#FF1F58,#FF2058,#FF215A,#FF2059,#FF1F59,#FF205A,#FF2057,#FAEFDB,#FBEFDA,#F9EED9,#002BA0,#032AA5,#002DA5,#002CA2,#F7EEDB,#0028A4,#FBEED9
#FBEFDD,#012B9D,#F9EBD4,#FDF1D6,#FDEED9,#FBEED5,#0028A3,#FBF0D8,#FAEFDA,#FAEED6,#FFBF06,#FFC200,#FFC300,#FEC200,#FFC500,#FFC300,#FFC300,#FFC300,#FFC400,#FFC200,#FFC101,#FFC200,#FFC300,#FFBF0B,#FAF0DB,#FAF5DE,#FF1E58,#FF1E59,#FF1F59,#FF2059,#FF2158,#FF2159,#FF1F59,#FF1E59,#FD1B56,#FDF3DC,#FAEFD7,#FCEDD7,#002A9E,#FBECD8,#FEEFD6,#FEF0DA,#FEF3DA,#002AA2,#FDEEDA
#FBEFDD,#002DA3,#F1F6DF,#04319F,#002D9A,#FBF0D0,#002AA4,#FAEED9,#FBEED8,#FAEFD9,#FCEEDA,#FFC300,#FEC400,#FEC201,#FFC300,#FEC400,#FEC400,#FEC300,#FFC200,#FEC200,#FFC300,#FFC300,#FEC100,#FBEED9,#FBEDD8,#FCF1E0,#FF1E58,#FF1F58,#FF2259,#FF205A,#FF205A,#FF1E59,#FF1E5A,#FE2058,#FAEDD8,#FAEFDB,#FBEEDC,#FBEDDA,#002B9E,#FFF0D6,#002AA7,#06359B,#FFEEDC,#0025A0,#FDEFDA
#FDEFDE,#012BA2,#F4F3E3,#EAF2E3,#7B93C8,#768DBC,#7089B7,#FAEED9,#FBEFD9,#FAEED9,#FAEDD7,#FDD145,#FFC200,#FDC200,#FFC300,#FEC300,#FFC300,#FFC200,#FFC400,#FEC200,#FFC300,#FFC100,#FDDA70,#FAF0D9,#F9EED8,#FF2159,#FF1F59,#FF2058,#FF2058,#FF2057,#FE2258,#FF205A,#FF205A,#FE6288,#FAEDD9,#F9F0DB,#FAF0DA,#FAEED9,#7A8FBD,#768AC0,#647ABA,#C6D1DE,#FBEDDD,#0028A0,#FCEDDA
#FDF1DD,#022C9B,#F3F5DF,#002A92,#022899,#012C98,#002B96,#F9EFD8,#FBF0DB,#FBEEDA,#FBEFDA,#FCDA76,#FFC200,#FEC200,#FFC300,#FFC200,#FFC200,#FFC300,#FFC200,#FEC300,#FEC200,#FEC200,#FBEFD7,#FEEBDA,#FD225A,#FF2058,#FE1E57,#FF2059,#FF2058,#FF2057,#FE215A,#FF1F59,#FD225A,#FDBDC0,#FAF0D9,#FBEEDA,#FAEDDA,#FCEED7,#002B97,#002E9E,#002B9B,#002E96,#FBEFDD,#00259C,#FCEFD8
#FCF0DC,#022EA4,#FDEFD6,#F9EDD8,#FAEFD8,#F9EED8,#0029A2,#FBEFDA,#FDEEDA,#FAF1DA,#FBEED9,#F8EDDB,#F4C819,#FEC200,#FFC300,#FFC200,#FFC300,#FFC200,#FEC300,#FFC200,#FDC300,#FBEED4,#FAEDD8,#F7F0D8,#FF2057,#FF1E59,#FF1F58,#FF1F58,#FD2058,#FF2059,#FF2158,#FF205A,#F72B5A,#F9EAD5,#FBEFDA,#F9EED9,#FBF0DC,#FBEEDB,#002E9E,#FAEED7,#FAEED7,#F9F0DB,#FCEED8,#0026A4,#FBEEDA
#FDF0DD,#052CA3,#F5F6DC,#032A9E,#032A9F,#FDECDD,#0029A6,#FDEEDA,#FBF0DC,#FDEFDB,#FCF0DA,#FAEFDA,#F6C51E,#FEC200,#FFC300,#FFC200,#FFC200,#FFC300,#FFC300,#FFC300,#FFC002,#FAEEDB,#FBF1D8,#FE2156,#FF1F57,#FF2057,#FF1F58,#FF2157,#FF2058,#FF2159,#FF225A,#FF2258,#FB315C,#FCEED9,#FBF0DB,#FAEFD9,#FBEFDB,#FCECDA,#002E9C,#FDF0CE,#022BA5,#002CA0,#FAF6DA,#00289E,#FCECD8
#FBF0DD,#032BA4,#F9F2E1,#EAEFEC,#002DAA,#002CA1,#0228A3,#FAEED9,#FBEFDA,#FBF0DC,#FCEFD9,#FAF0D9,#FCEDD9,#FDC301,#FFC400,#FFC200,#FFC200,#FFC200,#FFC300,#FEC200,#FBEFD8,#FAEED8,#FAEED8,#FF2059,#FD2158,#FF205A,#FE2158,#FE2058,#FF2159,#FF2058,#FF2159,#F7295A,#F9EFD9,#FBEED9,#FAEFD9,#FAEFD9,#FBF0DA,#FAEED8,#012B9F,#0129A3,#002EA3,#BBCFD7,#F8F1DD,#00269B,#FBEDD9
#FBF0DD,#022DA2,#FBF6DC,#E6EFE9,#FAEDD8,#FAF0D7,#FBEED8,#FAF1D9,#FDF0DA,#FBEFDA,#FBEFD9,#FBEEDA,#FBEEDA,#FDC505,#FFC200,#FFC200,#FFC300,#FFC200,#FFC200,#FFC100,#FAF0D9,#FAEFDB,#FAEFD9,#FF225A,#FF2159,#FE2258,#FF1F57,#FF1F56,#FF2057,#FF2159,#FF2159,#FD265B,#FCEEDB,#F9EFDA,#FBF0DA,#FBEFDA,#FBEFDA,#FAEED7,#FDEAD9,#FDECDD,#FBEDDA,#B3CBDA,#FBF0DB,#00279C,#FBEFD8
#FCF0DE,#022D9F,#F5F4E1,#002B9D,#002B9E,#002DA1,#012BA0,#FDEFD8,#FCEFDA,#FCF0D9,#FBEFDC,#FBEFDA,#FDEFDA,#F8EED9,#FDC200,#FFC200,#FEC000,#FFC200,#FFC300,#FCECD6,#FCEFDA,#FAEED9,#FBEDD9,#F1F1D8,#FF215A,#FF205A,#FE1F58,#FF2059,#FE2159,#FF2059,#FA2257,#F7F0D9,#FBEFDA,#FBF0D9,#FCEDD9,#F9F0DA,#FCF0DA,#FEEEDD,#002C9E,#002BA2,#002C9E,#002B9F,#F9F4DE,#002AA0,#FCEDD8
#FCF0DD,#052DA2,#F1EDDD,#354F9D,#34509B,#FEECDC,#002B9E,#FBEFD9,#FCEFDC,#FCEFD9,#FCEFD9,#FBEFDB,#FBEFDB,#FAEDD9,#FAC202,#FFC200,#FFC100,#FFC200,#FEC300,#FCEBE1,#FAEED8,#FBEDD9,#F7ECDC,#F8EDDF,#F6EDDC,#FCEED8,#FBEED9,#FAEEDB,#FBEFD9,#FBEFDB,#F9EFD8,#FBEFD9,#FAF0D9,#FBEEDB,#FAF1DB,#FAEFDA,#FBEEDA,#FCEDD9,#002BA0,#FDEECE,#3A5A9F,#3D5EA1,#F3EDDC,#0027A0,#FDEED9
#FCEFDE,#042C9E,#F8F6E3,#EAF3EF,#0029AB,#022DA3,#002B9C,#FBEFD9,#FCF1DA,#FCF0DA,#FCF0DA,#FAEEDB,#FBEFDB,#F9EEDA,#FAEEDA,#FCD952,#FAD64F,#F9D74D,#FBEED8,#FAEFDA,#5C87DE,#5A84E0,#0B5AFE,#0C5AFF,#0C5BFD,#4C74D5,#4D6BBB,#FBEFD9,#FCEEDA,#FAEED9,#FAEFDA,#FCEFDA,#FBF0DB,#FAEED9,#FCF0D9,#FAF0D9,#F9F0DA,#FCEDD9,#002B9F,#002BA9,#0328AB,#CAD7F3,#F7F0D8,#0028A2,#FCEFD8
#FDF1DE,#042C9C,#F9F7E1,#F0F0E3,#FAEDD5,#FCEFD7,#FDEFD5,#FBEFDC,#FDF0DB,#FBF0DA,#FAF0DB,#FBEFDB,#FAEEDB,#FBEDDA,#FDEFDA,#FBEFD8,#FBEFD9,#FBF1D9,#FAEDD9,#0E5EFF,#0F5BFE,#0F5BFF,#0F5BFE,#0E5CFF,#0E5BFF,#0D5AFE,#0C5AFC,#5386D6,#FAEFDA,#FAEFDA,#F9EFDB,#FAEEDC,#FBEEDB,#FBF1DB,#FBF0DB,#FBEFDA,#FDF0DA,#FBF0DA,#FCEDD8,#FDECD8,#FCEED6,#C8D1E5,#F6EFDE,#002AA2,#FBEED9
#FBF1DC,#052C9D,#F6F5E2,#002C9F,#002B9E,#002E9C,#0128A7,#FAEED9,#FAF1DA,#FCEFDB,#FBF0DB,#FBEFDA,#FBEEDA,#FAEFD8,#FCF0DA,#FCEFD9,#FCEEDA,#FAF0DA,#055DFC,#0D5BFC,#0E5CFF,#0F5BFF,#0E5BFF,#0F5DFE,#0E5BFE,#0E5BFF,#0D5AFE,#5089EB,#FBEDDA,#FBEEDA,#FCF0DC,#FDF0DA,#FBEFDA,#FBEFDB,#FAF0DA,#FBF0DA,#FAEFDA,#FBEEDB,#002C9A,#002D9B,#002F9B,#002D9E,#F6F0D8,#00269F,#FCECD9
#FCF0DB,#022C9F,#FBEDD9,#FAF0D3,#F7F1D4,#FAEED4,#002BA2,#FBEEDA,#FBEEDB,#FCEFD9,#FDEFDA,#FAF0DA,#FCEFD9,#FAEFD8,#FCEFDA,#FAF0DA,#FBF0D9,#F9EDD7,#0F5AFE,#105CFF,#105CFE,#0E5BFF,#0E5BFF,#0E5CFF,#0F5CFF,#0F5AFF,#0F5BFE,#0F5BFF,#E9F2FB,#FBEFD8,#FBEFD8,#FDF0D9,#FBEFDA,#FBF0DB,#FBEFDB,#FBEFD9,#FBEFD9,#FCEBD9,#012C9E,#FBEFCF,#FBECD3,#F8EED4,#F4F0DE,#032CA1,#FBEDD7
#FBEFDC,#042B9F,#F1F5E3,#0938A0,#002EA1,#FBF1E4,#012BA5,#FAEFD7,#FCEFDB,#FBF0DC,#FCECDB,#FCEEDB,#FCEEDA,#F9EEDB,#FBEFDB,#FBF2D9,#FAF0DA,#FBEDD9,#105AFE,#0F5BFE,#0F59FE,#0F5BFF,#0F59FF,#0F5BFF,#0F59FF,#105AFF,#0D58FD,#0F5AFE,#EAF2FE,#FBF0D9,#FAEFDB,#FCEFD8,#FBEFD9,#FBEFD9,#FBEFDB,#FAEED9,#FBEEDB,#FCEDDB,#012C9C,#F9F0E7,#00299B,#052B9F,#F8F4DD,#00299C,#FCEED8
#FBEFDC,#022D9D,#F3F4E3,#F0F1E8,#C6DAEE,#CDD8E5,#C8D2DE,#FBEFDA,#FBEFDB,#FBEEDB,#FAF0D9,#FAF0DA,#FBEEDB,#FAEEDB,#FBF0DA,#FBF0DA,#FBEED9,#F9EFD9,#0E5CFF,#0E5CFE,#0F5BFF,#105BFF,#105BFF,#0F5AFF,#0F5BFE,#105BFF,#0F5AFF,#105BFF,#E2EFFD,#FAEEDA,#FBEFDA,#FCEEDA,#FBEFDB,#FBEFD7,#FBEFD9,#FAEFDA,#FBEED9,#FBEDDB,#D8DBEA,#D9E2EE,#CADCED,#C6CDDB,#F7F1DA,#00289F,#FAEED8
#FDF0DC,#052C9C,#F6F6E4,#0027A1,#00319D,#00349A,#002FA7,#FBEED9,#FDF0D9,#FBEEDA,#FCEFDA,#FBEFDB,#FBEFDC,#FAEFDA,#FCF0DA,#FBEEDA,#FAF0DB,#FBEEDA,#0F5AFE,#0E5CFE,#0F5CFF,#1059FF,#0E5BFF,#105BFF,#1059FE,#105BFF,#0F5BFE,#0A5BFD,#E3F0FF,#FBF0DA,#FCF0DA,#FBEEDA,#FAF0DB,#FBEEDA,#FBF0DC,#FBF1D9,#FDEFDB,#F9EFDA,#002DA2,#012E99,#00309B,#002A9B,#F1F2D8,#0029A6,#FAEDD7
#FCEFDC,#042D9E,#FDEDD9,#FFEDCF,#FEEAD4,#FBEDD9,#002CA1,#FAEEDA,#FCEFDA,#FDF0DC,#FBF0D9,#FCEFDC,#FAF0DB,#FBEEDA,#FEEFDA,#FDEED9,#FBEFD8,#FAEEDA,#135AFF,#0F5AFD,#0F5AFF,#105BFF,#0F5BFC,#105AFF,#105AFF,#105BFF,#0F5BFF,#5587E9,#FAF0DA,#FBEED9,#FBF0DA,#FDEFDB,#FBEFDB,#FAEFDA,#FBF0DA,#FAEFDB,#FAF0DA,#FBEDD9,#012D9C,#FDEECD,#FDEBCF,#FDEDD4,#FBECD6,#0028A2,#FAEED9
#FEF0DC,#01299D,#F8F5E1,#002F9C,#002AA0,#FCEAE4,#0129A2,#FBF1D9,#FAF0DB,#FDF0DC,#FCF0DA,#FBEEDA,#FBEFDB,#FAEED9,#FBF0DB,#FBEFD9,#FBEEDA,#FCF0DB,#FBF0D9,#668AE0,#105AFE,#0E5AFF,#0E5AFF,#0F5BFF,#0F59FE,#0F5BFE,#1558EA,#A4B2E5,#FBF0D8,#FCEEDB,#FCF0DB,#FCF0DA,#FCF0DA,#FCEFDB,#FAF0DB,#F9EEDA,#FCEFDB,#FBEEDC,#002CA0,#FEF1CE,#002E9C,#012C9F,#F6F0D6,#012AA1,#FBEDD8
#FBEFDD,#062E9D,#F9F4E2,#F2F5E9,#002B9E,#002B9E,#0027A7,#FBEFD9,#FCEEDA,#FBF0DB,#FBEFD9,#FAEEDA,#FBEFD9,#FAEDDB,#FCEFDB,#FAF0DA,#FAEFDA,#FAEFDA,#FCEFDB,#F9EDD9,#FDF2DA,#FAF1DA,#0E5AFE,#0F59FF,#0D5AFD,#FCEFE2,#FAF2E7,#FBEFDA,#FAEFDA,#FBF0DA,#FBF0DA,#FBEFDB,#FBEFDA,#FDEEDC,#FBEFD9,#FBEFDA,#FAEEDA,#FBECDA,#002A9D,#002A9F,#0030A3,#C5D1DE,#F6F1D3,#0025A0,#FBEED9
#FDEFDB,#04308E,#C5D4F7,#C7E3FF,#CED4DF,#CAD3D9,#002E9B,#D8D8E1,#CDD4DB,#FBEEDA,#FBF0DA,#FBEEDA,#FBEFDA,#FBEFD9,#FBF0D9,#FBEFDA,#FAEFDB,#FBEFD8,#FBF0D9,#FCEDDA,#FBEEDB,#FAEFD8,#FAEED7,#F8EED8,#FAEEDA,#FCF0D9,#FBEFD8,#FBEEDA,#FCEEDA,#FBEFDB,#FAEFD8,#FBF0D9,#FAEEDA,#FCEFDA,#FCEED9,#FCEDDA,#D6D8DA,#CDD3D9,#002C9C,#CFD3E1,#D1D7E0,#94B2F3,#C3D7ED,#043298,#FCEED9
#FDEEDC,#043097,#C0D3E1,#C8D7E2,#C8D7E2,#C4D0DE,#C0D0E0,#C1D2E6,#002998,#F9EED9,#FBF0DA,#F9EFD9,#FBEEDB,#FBEDDA,#FAEEDA,#FBEFDB,#FAEFD9,#FAF1D9,#FBEDDA,#FBEEDA,#FBEED9,#FAEED9,#FAEED8,#FCEED9,#F9EFDA,#FCEED9,#FCEEDA,#FBF0D9,#FBEFDB,#F9EFD9,#FBF0DA,#FCEEDA,#FCEED9,#FAEEDA,#FBEEDA,#FAEDD9,#002BA0,#C1D3DD,#C3CFDB,#BECEE1,#C5D6E1,#CAD9E8,#BFD4E1,#002E94,#FCEDD9
#FEEFDC,#032A9E,#FBEDD8,#FAEDD7,#0432A0,#FDEDD8,#FBEEDA,#FCEFD9,#002A9D,#FDECD9,#FAEFDB,#FBEEDB,#FAEEDC,#FBEDD7,#FBEED9,#FBEDDA,#FBEED9,#FCEED9,#FAEFDA,#FBEFD9,#FBEFDB,#FBEEDA,#FBEEDA,#FBEFDB,#FBEDDA,#FAEFDA,#FAF0D9,#FAEFDB,#FAEEDA,#FBEFDB,#FAEFDA,#FBEFDB,#FAEFDA,#FBEEDA,#F9EFDA,#FBECD9,#00299D,#FAEFD7,#FAEDD9,#FFEDD2,#0632A1,#FBEED8,#FAEED9,#002EA6,#FCEED9
#FDEEDC,#042C99,#FCECD6,#1B318D,#002D9E,#02319F,#FAEEDA,#FBEED8,#002C9F,#012F9F,#012EA0,#627BAF,#1F3789,#022FA2,#002FA2,#0232A0,#FBEFD7,#0030A2,#002EA4,#002EA2,#ECEEEA,#0231A2,#002FA3,#002DA0,#012E9E,#FEE9DE,#002FA3,#002D9F,#012FA1,#F8EFDC,#032FA3,#0131A2,#012EA3,#53669C,#0032A4,#0230A4,#002C9C,#FCEED8,#F9EDD8,#022EA0,#012EA3,#5B6AA2,#FAEDD9,#0028A2,#FBEED8
#FDEDDA,#022C9A,#F2E9D9,#012A9C,#012F9E,#002B9F,#0228A0,#FBEFD9,#002B91,#FAEFDC,#FFF0CD,#6476B5,#24388D,#F7ECCB,#FBEED5,#002E9B,#FCEDDA,#012DA0,#F9EED3,#F4EFDD,#E6E8E9,#002A99,#FAECD8,#FEF0CD,#002C9D,#FCF0D7,#0423A0,#F8F0D6,#002CA7,#F8EED6,#012F9A,#FAEEDD,#F9EEC8,#5269A0,#002CA1,#FBEDCE,#042B9A,#FCEED9,#002BA2,#0032A9,#F6E9DB,#0429A8,#F6F0E7,#0025A2,#FBECD9
#FCF0DD,#012D9E,#F4F1D7,#002E9E,#012BA2,#002FA0,#002BA3,#FBEFDC,#002A98,#FFE9D8,#002B9D,#6676B8,#1E3989,#F6EBD7,#012B9E,#002F92,#FDEFD7,#002EA0,#FDEFD9,#002E9F,#ECF0E8,#002BA3,#FAEED2,#002CA1,#002DA2,#FBEFD8,#0326A1,#D4DDE2,#002CA4,#FAEEDD,#002D9B,#FEF1DA,#002C9E,#526A9E,#0030A1,#FEEBD5,#002999,#FBF0D8,#00319E,#002EA0,#002CA5,#002E9E,#F8F4E1,#002EA6,#FBEDD8
#FCF0DB,#042E9F,#F3F3D8,#002C9E,#FFEAE4,#003093,#022B99,#FBEFDA,#002B97,#FFEBD6,#0131A1,#FCF1D9,#182F88,#F8EBD6,#002B9D,#FEF1D6,#FDF1D8,#002E9C,#FFEFD6,#082A93,#FCF0DB,#002CA2,#FAF0DB,#002AA2,#FDEDE0,#FDF0DA,#002A9A,#DADEE3,#FBF0DF,#FFEEDA,#002D9C,#FDEFDA,#0029A0,#FEEFD9,#0030A2,#FFEFD8,#002A9C,#FAEFD8,#002EA2,#FFF1D3,#00339C,#B4BEDA,#F5F0DF,#002EA6,#FBEDD8
#FCEEDC,#052F9E,#EEF1F0,#0030AE,#FFF5D9,#002CA6,#002CA9,#FBEFD9,#012B9E,#FCF0D4,#002BA9,#002BA7,#012BA5,#F9EED8,#022BA5,#0029AB,#002DAB,#0031AA,#FFF0D2,#002CA9,#002DAA,#002EA8,#FEECDC,#002FAD,#002BA9,#0029AB,#012795,#DAE1FC,#002BAE,#002BAB,#002CA2,#FDEED9,#002BA8,#002CA8,#002CA6,#FEF2D6,#022A9A,#FCEED8,#012C9D,#0135AB,#002FA4,#0534A1,#F9F0E3,#002DA8,#FDEDD7
#FCECDB,#022F9B,#FDEFD9,#7B88A0,#6881BB,#5E79B4,#FAEEDA,#FCEEDA,#002D9B,#FCEFDA,#FCEFDA,#FAEFDB,#FBEFDB,#FBEDDA,#FAEFD9,#FAF0DB,#FAEFDA,#FBEFDA,#FBEDDA,#FCEDD8,#FAEFDA,#FBEFD9,#F9EFDB,#FAF0DA,#F9EFDA,#FBEEDC,#FBEEDA,#FBEFDA,#FAEFDC,#FBEFDA,#FCEEDB,#FDEFDB,#FBEDDA,#FBEEDA,#F9EFD9,#F8F0DC,#01299E,#FCEED8,#6783B8,#FEF1D8,#6884B6,#E7EBEB,#F5EFE2,#002BA6,#FCEED9
#FBEFDA,#032C9F,#002F9F,#002DA1,#0031A1,#0031A1,#0030A2,#002DA5,#042B9C,#002E9D,#002B9C,#003099,#002B9C,#003099,#002C98,#002A9A,#002D9C,#002C9A,#002C9B,#002C9E,#002B9C,#002C9E,#002B9F,#0030A4,#002E9D,#002E9E,#002D99,#002D99,#002B9B,#002C99,#002D9D,#00309B,#002D99,#002D9E,#00319D,#00309A,#052FA6,#002DA0,#002CA2,#002DA1,#002CA0,#002FA6,#002EA3,#002D9D,#FBEFDA
#FCEED8,#FBEED9,#FBEEDA,#FDEFDA,#FAEFD9,#FBEEDA,#FCEDD9,#FBEDDA,#FCEEDA,#FCEFD9,#FBEED9,#FBEDD9,#FBEDDC,#F9EEDA,#FBEEDB,#FBEDD9,#FBEEDA,#F9EFD9,#FBEFDC,#FBEEDC,#F9EED9,#FBECDB,#FBEEDB,#FAEFDB,#FCEEDC,#FAEDDB,#FBEFDB,#FDEFDB,#FBEFDB,#FBEEDA,#FCEFDA,#FAEDDC,#FCEED9,#FAEEDA,#FBEEDA,#FBEDD8,#FAEDDA,#F9EFDB,#FBEDDA,#FBEDD9,#FAEFDB,#F9EFD9,#FBEED8,#FCEFDA,#FBEDDB
