#05275D,#15366B,#0F3365,#244B80,#30578F,#436DA1,#133972,#0B3970,#143A71,#4D77AB,#164074,#234E81,#0E366A,#1C4A81,#143971,#183C71,#214A81,#284F86,#39679C,#4F80B3,#14376B,#224A7E,#04225C,#0F336B,#275283,#1E4E84,#0F3268,#133A71,#0D346B,#345B95,#345D8E,#224D82,#0B3466,#0C2D62,#11376E,#063068,#1A4478,#1B376A,#1D457B,#17437D,#183A72,#0D2B5C,#1D467D,#12386B,#0C356D
#254D81,#F7F1DB,#F8ECD0,#FAEDD5,#F7ECD9,#E3E1D6,#FBEFDA,#F0E3CC,#F8EFD9,#F6E9CF,#D5CFC0,#FDF0D5,#F5EAD1,#FCF3DF,#EDE4D0,#F0E3C9,#FCF0D9,#F3E9D6,#F5E8D0,#EDE2C6,#F9E7CA,#F4E7D5,#F7ECD9,#F3E7CD,#F7E9CD,#F4E4C7,#F8E9CE,#FAEFD7,#F4E5CD,#DDD2BB,#FBEFDA,#F2E6D1,#F2E6CD,#D5CFBC,#FAF0D5,#D6CFB9,#FBF1DE,#FDF3DD,#F3E7CB,#E3D3BA,#F1E0C4,#CAC8C3,#F6EBD5,#FEF5E0,#24467A
#274C7F,#F3E5CD,#123D78,#4973AA,#2E5387,#F9ECD0,#143768,#1C4375,#1C4275,#24497D,#1A3E77,#032C63,#032255,#466DA2,#0D3468,#24467C,#26538A,#143A74,#174376,#1F4276,#09225A,#10376F,#163F71,#173A6C,#143A6D,#4871A7,#0B265C,#103971,#1C4276,#072E61,#14386D,#164074,#06255C,#163F74,#245188,#1F4880,#0F2D5F,#274E86,#254C80,#E1D4B7,#082B5E,#1C3D76,#04235B,#FBEDD2,#2D558B
#193D73,#FDEEDD,#365786,#FAE6C0,#1E3F65,#EFE5D3,#295188,#F1E0C1,#EDDEC8,#DDD7C1,#E1D9C3,#042D70,#F7E4C7,#F4E9D4,#F2E0C3,#FFFFDC,#C8BC9B,#F6E7C8,#DDCCB1,#051345,#EEEADA,#FDEED0,#1A4279,#E8DAC4,#F5EAD1,#1A3A6E,#F1E4D0,#F6E5CB,#DCC2A2,#FEE4BD,#FBECD0,#E0DBC7,#F4E5C9,#10428C,#EEE2CC,#F6E7D3,#CEC8B7,#F7EDD9,#103167,#F9EBD1,#112D61,#FFEBC9,#03336B,#F5E7D2,#1F4D81
#062C68,#F7ECD7,#0A3068,#F4F5ED,#06285C,#002A67,#1B4281,#BCB5A1,#F6EBD7,#FAF0D7,#364E69,#001858,#183D74,#062D64,#0E3466,#F3F8ED,#0D265C,#07275D,#F5E8C9,#17386B,#436A9A,#123A6C,#22467C,#082D66,#042B5E,#133A71,#EAE2CB,#082B62,#072D62,#EEDCB2,#0F326A,#193C71,#0D376E,#0E3A78,#011839,#F8E7CA,#F8EDD8,#F5E5CE,#002550,#082554,#255085,#FBF7E1,#2B5388,#FAEAD0,#285085
#0D3469,#F9EED3,#F8F1DC,#F2EBD8,#143769,#EDE2CA,#FDEBD1,#F4E5CD,#ECDEC5,#EFE0C4,#F8ECD6,#EEE1CB,#EFE5CF,#DBCEBB,#21427C,#535B68,#EDEFEA,#173E74,#2C4253,#496683,#040F38,#283B5A,#193A72,#0E1A2C,#000F40,#333E59,#112849,#0B2E65,#273D4E,#475669,#06285E,#DED3BA,#F5EAD4,#D2CEC5,#DED4BD,#E6E0CE,#F8E8CE,#E1D4C0,#FCEDD6,#FFF2DD,#153F72,#F3EDE0,#F9ECD8,#EAE1CA,#4E77AA
#092F67,#F2EBDD,#0C3164,#00275D,#1F4A84,#FBEED7,#234B80,#092A60,#0E3064,#245086,#DBCDBA,#F6E7D1,#E8DCC8,#F1E4CC,#F3E8D3,#F6EFD6,#F5EBD5,#F9EDD1,#E4DDC4,#F6EAD4,#F5E8D2,#EEE2C7,#F9F2DE,#F8ECD8,#F1E7D0,#F6F0DB,#FBECD5,#F5EAD6,#F1E4CF,#F8E9D1,#F1E1C8,#F2E3CF,#B5B3A3,#EEDECB,#FAEDD2,#D8CEBA,#3F6DA3,#082F67,#F3E6D2,#F7E8D3,#235289,#29538A,#103065,#EADDC6,#284F87
#0B295D,#EFE3CE,#254D80,#E7DBC3,#F0E6CE,#F3E6D6,#355B8F,#20477C,#214D83,#0B356C,#F7E8CB,#F0E4CD,#EEE2CD,#EEE2CD,#EFE2C9,#F6EBCF,#F4E8CF,#ADA496,#E7DECA,#F7ECD6,#EBDDCC,#F2E6D0,#F2E6D5,#ECDECB,#F4EAD3,#EFE2C9,#E1D6C3,#E6D9C3,#F8F1D9,#FFF3DF,#F0E9D4,#F6E7CA,#E7D9C4,#F3EAD8,#EEE5CC,#F6E9CA,#133B6E,#0E3363,#133050,#F2E2CB,#F6EBD5,#F6E9D0,#0F3268,#C2B8A4,#275389
#2D548C,#E7DECD,#173C73,#E4E0D1,#F6EAD4,#EADCC2,#123264,#6C95CA,#7394C1,#08326A,#F9F1DB,#F9F0DB,#F9ECD3,#EEE1C7,#E2D6C1,#F9EFDC,#E6D9C3,#F3EAD6,#EEE3CB,#E2D8C1,#C7BEAE,#F1E6D1,#DBD4C4,#E4DAC8,#F3E7CE,#FCF0DB,#EDE4D3,#E9DCBF,#C1B8A6,#FBF0D8,#FBF1DF,#F8E9D0,#F7EAD4,#EDE2CC,#F3E9D1,#F3E6CE,#08306A,#15396F,#F5E9CE,#F1E3C8,#FAECD2,#E9D9C0,#1D437A,#F9EDD6,#264C80
#274E82,#F7E8D0,#0F3469,#FEEFD5,#F2E3CE,#F9EDD5,#08386C,#486D96,#113369,#6E81A0,#DCCFB9,#F8E8CF,#F2E7D0,#F5EBD4,#F7EAD1,#F8EDD7,#EFE5CC,#F9EBD2,#F9EDD8,#F0E0C7,#D5CFBE,#F3E9D3,#FAEBD4,#F7EAD2,#FDF0D6,#F7E9D0,#F6EAD2,#E4DAC3,#F3E2C8,#F7EED6,#F9E9D1,#E7DDC6,#DCD1B7,#F9EFD8,#F5E9D2,#224377,#112F64,#17376E,#00215A,#F7F1D9,#FBEDD7,#FEF0D7,#07285D,#F6E9D2,#163970
#062B61,#EBDCCA,#2B5990,#F5E9D3,#F6EAD5,#123669,#FEFFF8,#EFE5C9,#E7DECB,#071D3D,#184077,#F2E6D0,#F0EBD7,#F2E6CB,#F1E2D0,#F8EBD0,#F9ECD8,#FAECD4,#DFD6C3,#4F5A6E,#F1E4CC,#EDE0CB,#F6EAD4,#FDF4E1,#F7EBD0,#FAF3DB,#E7DCC6,#ECDFC8,#434F6D,#FAEED8,#F9EBD1,#F5EAD3,#F5E6CE,#F1E3CC,#F4E8D1,#2C5289,#295088,#1B4378,#F5EBD3,#F8EDD4,#FCEDD1,#F0E5CF,#07285C,#E9E0CF,#264D83
#244B7F,#F4E6CE,#143F70,#13244E,#152237,#1F4377,#4B7AAF,#FBFEF8,#F5FBFF,#6592C4,#2F568A,#F7ECD3,#F9E9CD,#F9EACE,#F1E6D0,#FAECD1,#F9E7D0,#F7EDD8,#F6E5CD,#F2E8D1,#F6EBD1,#D2CDBA,#FAEBD5,#FAF0DC,#E4D6C0,#DFD7C3,#F2E5D2,#F1E5CC,#F8EBD2,#FBECD9,#B3AB98,#EAE2CE,#E9DCC7,#F8ECD2,#E9DCC4,#54647C,#0B3368,#22467C,#2B3C5F,#F6E7CB,#00275C,#09204F,#04265A,#D8D1C1,#365E93
#0F3367,#F7E6CC,#062862,#EADFD1,#183A63,#F5E7CF,#163671,#0A3164,#103268,#FFFFF4,#F8EED6,#EBDEC8,#F7EBD4,#FAECD3,#F9EDD4,#F2E6C7,#ECDFC4,#E9DEC9,#D7D2C0,#F4E5CE,#EAE2D6,#F7F0DF,#F3E6CE,#F6EBD2,#EAE0C9,#D9D4C4,#F8E9D1,#EADDC3,#E4DCC8,#EBE2D4,#E8DFCC,#F4E8D3,#F6E8CD,#F7E9D3,#FAEBD4,#F8EBD6,#F4E5CF,#E8DCC7,#F9EFD9,#F6EAD6,#0C326C,#EEE2C8,#042457,#E9DBC2,#0B3166
#2D5D99,#AEA598,#002359,#F8E1C3,#365D90,#F7E9D1,#E2D7C0,#F3E6D6,#F5E9CE,#F4E4CB,#193E73,#123B74,#012357,#22487D,#264B81,#0B3269,#06265A,#34598E,#25548A,#1D3B74,#183C72,#032961,#0D366E,#30578A,#072D63,#F2E6CC,#C7C5B7,#EDDDC3,#163E71,#2E5B91,#163A70,#0A3168,#1A3E78,#FFFFF1,#F4E8CC,#F4E8D1,#F6E5C9,#EDE0CA,#E9DBC5,#F3E6D2,#194A84,#F8EDD4,#00225A,#EEE2C7,#214A80
#143971,#F6E6D0,#274F82,#FFF5DB,#193C77,#143A70,#EEE6D8,#EDE5D2,#F1E4CE,#F8E9D2,#1B427A,#3267A6,#679DD9,#2E6CAF,#609AD4,#6BA5E0,#356BAA,#235F9B,#6E9AD4,#4E80BE,#3D77BF,#2664A7,#5990CD,#457FC7,#34659D,#FBF2DD,#F3E5D0,#21437B,#7892B9,#377BC2,#4A8ACA,#5D8FC6,#4A7EB5,#12336B,#E4DAC3,#FEF4DC,#EEE2CA,#E0D6C0,#EBDDCD,#0E346E,#1D3D6E,#F7E7CB,#0A326A,#ECE1C7,#1D477F
#153A73,#F1EBD7,#07295D,#2A4981,#A6B8CE,#001C60,#F7EBD2,#E6DAC7,#E2DECB,#F5EBD3,#214782,#4B83BF,#8EBAE6,#60A1E5,#5080BF,#225E9C,#527EAE,#3F79B5,#3A76B6,#4B83BF,#5887BE,#608FC6,#265DA1,#1559A3,#173A72,#F1E9D3,#FFF8D6,#022862,#61A2DE,#7AA9E3,#4E7AAC,#185191,#0F356F,#EADFC7,#F3E7CD,#F8EBD7,#F4E8D3,#F3E7D4,#F5ECDC,#1B4B88,#082263,#A3CCFC,#042456,#F7F1DC,#4D7BAE
#164279,#FBE9CB,#294D83,#E0D4B7,#4F7DAE,#1F4880,#F4EBD7,#EEE0C9,#F7ECD4,#EADDC4,#EDE0C6,#143C76,#3F76B8,#2661A3,#417FC2,#104C92,#3A7BB8,#2864A6,#4C83BA,#16569B,#4C82C0,#4280C1,#3F6FAC,#254E84,#E4DAC8,#F8ECD4,#1A467E,#5992D1,#396FA7,#6284AF,#256BAF,#4782C6,#284C82,#F5E4CA,#ECDFC8,#F8EBD5,#F0E4CB,#ECDEC3,#EFE2CC,#35639E,#0A2C63,#F4EACF,#052E64,#F1E6CC,#082D61
#33568D,#F7E8D1,#173D70,#FBEBCE,#193D74,#163B6E,#EAE2CE,#F7EAD3,#20467C,#E2DAC7,#E8DBC3,#213249,#103062,#3C72AD,#3668A5,#326EAD,#3373B1,#135494,#3374B6,#6498CF,#2365AA,#175596,#0E458E,#2E5997,#F3E8CE,#1F4784,#042B68,#6C9FD7,#508FD4,#2A5B95,#3876B6,#06255F,#EDE2CB,#F4E8D4,#F2EBD5,#F6EBD4,#133974,#F4E7CE,#D7CBB7,#184178,#154077,#F1E8D1,#1D467A,#F2E4CD,#275083
#0C316A,#F8ECD7,#334F81,#B5AFA0,#EFE2CF,#001850,#DDD3BE,#EDE1CC,#F7E7CD,#EAE1CA,#F7E8D4,#E9E3D4,#23447A,#336CAD,#316FB2,#3467A5,#3D74B2,#4470AE,#2C6CB0,#326DAE,#1A5699,#2C68A3,#082058,#F5EAD2,#FCF1D7,#03245C,#075095,#3775B9,#17508C,#3D7EC3,#224F82,#0F2E63,#F8F1E0,#C0B9A8,#F7EBD5,#E5DAC5,#F9ECD8,#EEE3CA,#FAF3DF,#0A2F72,#F5E6C7,#F3E8CF,#204F85,#F4E6CF,#254F85
#1D447A,#EFE4D5,#103569,#001035,#2A497C,#052C64,#DFD2BE,#DCCEB8,#F6EAD4,#F4E5CE,#F6EDD7,#F4E9D3,#F9EBD9,#082C63,#4C7CB2,#498BC8,#2B6AAF,#3C75B4,#4882C2,#3F79B7,#1660AC,#113871,#E3D3AE,#F4EAD0,#092B64,#2D61A1,#346EAE,#437AB6,#3670AC,#4482BC,#0C376E,#DFD4BF,#F7E7D2,#EEDFCA,#F1E4CB,#ECDDC5,#F4E9D0,#F6E7D8,#F9EFD6,#0F3C83,#1F4276,#042760,#4976A9,#E7E2D4,#092B63
#1E467F,#F3E7D2,#10336C,#F3E4CD,#2C5386,#0A3372,#ECE0C7,#F3E6D1,#F6E9D2,#F1E7D3,#F7EBD1,#F8EED3,#EFE0CA,#0D3263,#6797CD,#3673AF,#0C4D99,#3D6FA9,#658FC0,#88AEE1,#4173B1,#0A2E5D,#E1E0D6,#E5DBCC,#113C70,#477CBA,#467AB5,#1C5392,#3171B2,#0E2F6A,#D6CEC3,#F8E9D1,#F2E8D1,#F1E2CA,#EDE4CD,#EEE0C9,#F8EFD9,#FBECCD,#EADCC3,#153C82,#1B487C,#95978F,#2C5A8E,#B3AB9C,#0A336A
#1A457D,#EEE1CB,#2D5182,#F8E7C4,#183D72,#002361,#F5EDD6,#FBF2DA,#FBE9CF,#E8DAC6,#F0E4CF,#EFE5CE,#F9EDD8,#F6EBD5,#1F477E,#3974B1,#5890CA,#5C9BDE,#4B87C8,#6E9DD8,#1A447B,#F7EDD8,#F0E8DB,#F6E6C2,#244C82,#093468,#1D4079,#062A5F,#042A60,#062A60,#F6E9D3,#F3E3CE,#F4E3D0,#EFE6D1,#EBE2CE,#F8E9CF,#DED2BF,#EEE1CB,#E1D5C1,#285391,#2A5289,#CECAB3,#082A5D,#EEE4CC,#1D3D6D
#1A3D78,#EBE6D3,#143F73,#1D427B,#051E51,#214E87,#F3E8D2,#EFE6D4,#FDF0DE,#F6EACF,#2E5B91,#D8D4C4,#F5E9D0,#F8ECD9,#E0E4E6,#143B6C,#135296,#558EC8,#2D7ECA,#022F6F,#2D589F,#FBF0DB,#F4E3CC,#EBE1CE,#F3E8D1,#FAECD0,#F0E5C8,#EBE1C8,#EEE4CE,#ECE7D4,#B6B1A8,#EAE0CD,#C3BDAE,#093569,#EFE0CF,#D2CBB6,#FDF2DE,#FBE8CC,#F7ECD3,#38679F,#0D2D61,#0A3469,#295C92,#DFDBCB,#082960
#0D356B,#FFFAE4,#00255E,#F6E7D0,#073269,#04235D,#DBD6C5,#F4EBD3,#F1E3CD,#F9EACB,#F2E3C9,#F9ECD2,#F3E4CE,#F3E5CF,#ECDDC8,#0A336B,#2763A4,#326FAC,#4A7CB5,#14346C,#E3D4BD,#001844,#0F2F69,#10346F,#19407A,#F2EAD7,#EFE1CB,#DCD0B9,#FBECD0,#F7E8CE,#C6C0AF,#E9E0CA,#EFE4CC,#EFE3CE,#FBF0DA,#EBDDC9,#EFE2CC,#EFE1CD,#EDE3CA,#153F82,#1B447C,#FFEECA,#163D70,#F6E7D1,#1F4780
#153A70,#FEEFD8,#13396D,#FBECD1,#1F4D82,#0A3676,#E5DCC6,#F3E7D4,#EAE1C7,#E6D9C1,#F8E7C9,#F1E6D1,#ECDFC7,#E7DDC7,#92928D,#F4E9CB,#09275D,#407AB8,#184278,#F5EFE3,#204A81,#1B4B82,#0F5298,#286AAD,#1461A7,#2D578E,#00174B,#EDE2CA,#ECE1CF,#F6ECDC,#F8ECDA,#EFE4CC,#F9F1D9,#EDE0C8,#DFD6BE,#FAECD0,#F3E9D1,#F7EAD3,#FAE9D3,#0D3372,#123A71,#FCEFD5,#13356F,#F9ECD3,#375D91
#5178AF,#F6E9D3,#204477,#265388,#05316C,#02357C,#F8EBD1,#FDF1DD,#F9E9CE,#EFE3CB,#FAEFDA,#F5EAD4,#E6DDC6,#C1B9A6,#F4E7CF,#E5E9DC,#264475,#25528B,#0A1A4B,#ECDFC8,#12326A,#548ECD,#446FA5,#4179B5,#3270B1,#336AA8,#103469,#E8DFCC,#E1D9C8,#F5E9D5,#C6BFAF,#F0E5D0,#EADFCA,#F9ECD6,#F8F1E3,#F3E5CA,#F7E9D1,#FBF1DE,#F6E9D1,#093275,#18417A,#173C71,#285185,#F6EDD9,#1F487C
#194177,#FAF2DC,#2D5386,#F2E0C8,#EFE2C8,#274C75,#ECE1CE,#C0B7A8,#F5E7CE,#F6E8D0,#F2E4CC,#F9E9D4,#F1E2C8,#F5E6CC,#FBF2D9,#EEE3C8,#EDE1CC,#FAF1D9,#F3E5CC,#00245D,#5692CD,#548AC6,#1B569D,#689FDA,#366DA8,#2C6DB0,#11366F,#E6E0CF,#F3E3CD,#D4CABB,#FAEED7,#FCF0D8,#C6BCA8,#F8E9D1,#C0BBAE,#F0EAD4,#EBDDC4,#F4EDD5,#EADEC9,#1C438A,#F1E6CF,#EDE3C9,#183669,#FDF0D8,#17326A
#1A3E75,#FBEDD6,#022257,#FCECC9,#082E63,#1B4679,#EDE3CA,#F5E8D0,#F8ECD9,#F7E8CF,#FAEFD8,#F2E9D1,#EEE2C8,#E4D9C1,#FCF4DE,#F4ECD3,#F5EAD0,#BFB7A3,#D3CCB8,#0A2D6A,#5981B4,#4281C0,#1E63A7,#6497CE,#387BC0,#356BAB,#0F3369,#FAF4E0,#F5EBDA,#F6E6CB,#EEE2CA,#FEF2DE,#F2E6CF,#F2E2CE,#F7EAD0,#0F3268,#E5DCC8,#E0D3BD,#FCF2DF,#1B4077,#12386F,#F0E5CC,#1E467E,#F6EBD4,#0A2A60
#082F6A,#E8DCC6,#0F396F,#FEF4E2,#2D5081,#1D4F94,#F7EBD0,#CCC3A9,#FBF1DF,#F5E8CE,#C1B9AD,#F2EAD5,#F6ECDF,#F5E7D1,#F5E6D1,#F8F1D6,#F7EED8,#F3E4C8,#F0E3C9,#F6E7CC,#0C3066,#256DB3,#2864AB,#3568A4,#5087C4,#346DAC,#072B62,#E5D5BF,#F5E8CF,#F9EBD5,#DED8C5,#EFE0C7,#F3E7CF,#FEEFD5,#EFE0C8,#F4E9D0,#EFE3CB,#EEE1C8,#F5E9D0,#10367A,#0B2F65,#F8E7C7,#143D76,#FAEBCB,#335A88
#0B356D,#E7E9E0,#2B578B,#EBE8D6,#E6E0CF,#143166,#F9EBD1,#F4F0E1,#FAECD9,#F2E5D1,#EBE3CD,#E0D9C1,#F8EAD0,#F4E8D5,#FEF0D5,#FFF3D2,#D5C5B1,#F6E6CA,#E1D8C0,#F7E7CA,#1B3D70,#375D96,#3C7BB9,#4785C8,#2F6CA6,#1C4982,#CED2D3,#F7E9D1,#F7F4E4,#E7E0D5,#F2E1CB,#FAE8D0,#F2EBD5,#E8DFCA,#FBEDD9,#F7E7CD,#EBE1CA,#FAECD1,#F7EAD2,#194C96,#F7F0E0,#E3DFCE,#0A285D,#EDE4D1,#123D71
#0A3065,#F8EFDC,#306093,#EFE0CE,#03235B,#164277,#F8E8CF,#F7EBD4,#F7EAD1,#E4D7C0,#F1E0C9,#F3E6CE,#EFE8D7,#E9DFCC,#F1E3CA,#0A2D62,#F0E6D1,#E9DDC5,#ECE1CB,#EBDFC6,#EBDDC6,#BABEBB,#023167,#0F386F,#18386F,#F9EFD1,#F3E7D1,#F7EAD4,#F7ECD5,#F8EFD6,#F7E9D2,#F2E6D0,#F8E9D4,#FBF0DB,#F5E8D1,#F3E9D0,#F2E6CE,#F8EFD8,#F4E7CF,#24477E,#1B4176,#F2E6C6,#143C76,#F8ECD4,#1D4175
#0C336B,#FAEDD5,#0D3466,#F4E8D0,#0B2F6A,#F9EACF,#EEE0C8,#D7CBBA,#F3E5CA,#FAF4E5,#EBDFC2,#F9EFDA,#E0D7C2,#F9E9D1,#F8E9CC,#F4E7D2,#F7E6CF,#F8EBD3,#F7ECD3,#E2D4BD,#F0E0C8,#F1E7CF,#F0E2C6,#F8ECD5,#F7EACD,#F4E7CC,#F6E7CF,#EBDBC5,#EFE3CD,#C2B9A5,#F9ECD3,#FBE8C9,#EEE4CE,#F4EAD4,#F6E9CF,#F3E8D1,#EFE3CB,#F2E6D2,#F4E4CD,#F9EAD2,#164078,#FAF0D5,#224A83,#EBE1CD,#375E95
#173971,#C8C1AD,#133B6E,#C6B592,#0B2D61,#F4E7D6,#EEE4CD,#F2E5CB,#F2E5D0,#FBEDD3,#F9EBD3,#EADFCB,#F6E9CF,#E1D9C6,#F5E6CD,#F9ECD1,#F5E7D0,#EADDC4,#F9E8CC,#FCF0D9,#EDE5D4,#DFD3BD,#E9E2D2,#F6EDD6,#DDD0B9,#F4EBD3,#E7DAC7,#F4E7CE,#E4DBC1,#EFE3D1,#F5E7CE,#F6E9CC,#DDD3BC,#F9EDDA,#E8DAC1,#DDD1BD,#FDEDD8,#F5F0D4,#EFE7D5,#F6E7D7,#1D457C,#F4EBD5,#002054,#F8E9D0,#0D386E
#092A60,#FBECD1,#284D7F,#F4E0C2,#FDE9D2,#F5E6CB,#ADA694,#11386F,#EEE4CF,#F4E7CB,#F8EFD8,#F3F1E5,#0C2959,#E8DCCB,#F7EAD8,#F4EBD4,#EADFCC,#EEE2C9,#EFE5CD,#DBD4C5,#F9F4E5,#FCF3DF,#F6EAD1,#F7E9D0,#F6E7CE,#F0E4C9,#F8EBD1,#EBDFCC,#DDD3BC,#F7EACE,#F5E8D3,#FCF2DA,#FCEFD7,#F7E9D2,#1D457B,#13376D,#B8B39F,#2C528A,#06275E,#F7EAD7,#F9ECCF,#F7EACA,#0C2C60,#A49D8F,#1E4576
#2F5085,#F5EAD2,#093166,#F7ECD5,#F0E5CE,#F6EACC,#0B3668,#163C71,#1F447B,#EEE1CF,#FCF5E7,#F3E9D3,#EDDEC8,#F3E7D2,#FBF1D7,#F9EFD9,#F3E6CE,#F7E8D1,#F6E8CC,#F4E7D3,#FBEBD4,#E1D9C0,#F3E6CA,#F6EAD5,#FCF3DB,#FBEDD5,#EEE3CA,#F4E9D6,#F9E9D0,#F6E6CF,#CDC2AD,#D8D2C1,#EFE3C8,#F4E4CB,#E8DDCB,#112C63,#1D457A,#1C4478,#DDD1C0,#F1E0C4,#F8ECD2,#F8EACE,#143C71,#EBE3CD,#254D83
#082A61,#E5D5BD,#0E3770,#F8EAD5,#F5E6D0,#E6D6C0,#EEE1C8,#235793,#F9EDD5,#D7D5C2,#F2E7D0,#F5ECD4,#F7EAD4,#FBEDD9,#F0E5CE,#F9EBD5,#F7EBD4,#F8EFD5,#F1DFCC,#F6E8CF,#F7E9D2,#F4E8D0,#7D6F67,#F9EBD5,#F0E3CB,#F1EAD6,#F7E8D4,#D8D1C3,#F5E9D3,#EEE5CC,#C7C7C2,#F8EAD0,#F4E9D2,#DEDBCF,#EBEAEE,#13346D,#2E578E,#0F3A6D,#F6E5C8,#EBDECF,#F9EAD2,#FEF0D5,#103268,#F4E9D4,#21487D
#0D2D62,#F9ECD8,#133D73,#D3C8B6,#F4E9D1,#0C346C,#103971,#13396D,#1A4479,#20467A,#FDEFCF,#F4E6D1,#E2D6C1,#EFE2C8,#F4E4CE,#E4D8C0,#797B87,#F5E7CF,#D9D4C3,#F3E9D9,#F7E6CF,#F0E1CB,#F2E3C9,#F8E9D0,#F5E4CE,#BCB8A4,#EEE1CA,#E9DECD,#EDDFC5,#F8E9CF,#F8EDD7,#D9CEB7,#EDDEC4,#F7ECD4,#05295D,#0E336C,#91BAEC,#1B4178,#183D76,#FCEBD2,#F3E7D4,#D6CCB8,#20467B,#F6EBD0,#305A91
#2C5087,#F8E8CF,#0E3466,#E4D6C1,#F3EADA,#092F67,#5F8EBF,#183871,#002258,#0A2C5D,#DED3BE,#F5E7CE,#EFE1C9,#F6EAD2,#F2E5D1,#F5E7C4,#F7ECD4,#F0E8D2,#F1E6CA,#F7EBDD,#FAECD6,#F6E7CB,#EFE3D1,#C8BFAD,#F6E9CC,#F3E5D0,#EEE1C7,#EDDFC9,#F4E6CE,#E5DBCD,#FCEFD5,#F4E8CD,#DBCDB7,#F5E7D0,#EFE6D2,#0F3067,#4F7FB6,#1B467A,#F4EAD0,#ECDFCE,#F8ECD4,#FAEDD3,#10346A,#E9DCC3,#2A5488
#0B2F68,#F5E6CD,#001846,#15366D,#436696,#CEC6B7,#EEE1C5,#15386C,#D9DAD4,#F4EBD1,#F3E6CE,#ECE0C8,#FBF0D7,#ECDDC5,#F9ECD0,#FDF4DB,#E8D6BF,#FEF2D7,#EEDEC0,#F5EACE,#FAEAD7,#A1906D,#EBE3CB,#D8C8A7,#F1E4C8,#FDE9C9,#ECD8C0,#F8EFD0,#EFE0C6,#B0A48F,#FFF1D2,#F6E9D0,#F4E4D0,#F6EBD3,#092C66,#04285E,#24467A,#123C75,#12376C,#FBEFD7,#16457C,#2B4E84,#173B72,#F1E7D1,#1F4379
#0A3167,#EAE0C7,#FDEFCB,#F9ECCA,#18326B,#FFF5DB,#F7EBD4,#FAF9ED,#FAEACF,#F6E6CB,#EEDEC5,#FDF1D9,#F7EAD0,#DFD4BC,#254578,#FDFDE5,#F9F0DA,#204579,#FBF5DC,#FFFEF3,#FCFBF3,#FCFAE7,#1B4079,#FBF2DB,#E3E4D7,#F8F7E9,#FDF1DD,#1A4277,#FDFFF1,#F8FBF2,#0A2F64,#FBECD4,#EBDDC2,#F9EFD9,#FAEFD6,#F1E2CA,#F5ECD9,#F6E9D1,#F9EFD4,#D2CDBD,#0B2D62,#F9ECD1,#FCF1D7,#F3EAD3,#001C54
#295186,#F7E8D4,#1A3B6D,#E9D9BB,#1C457C,#0F3265,#07265D,#E0D4BE,#F0E8D0,#F0E2C7,#4F6B87,#0F3D7D,#13386C,#0B346D,#0C2E68,#FEF7CE,#153D74,#0D366E,#F7EBD4,#1E497E,#143A71,#183B71,#1B4981,#0F2E68,#113C76,#204B81,#EDDCC1,#1D457D,#0B3B6E,#FEE8C9,#1B3F76,#163F77,#082F67,#042E72,#294C75,#EEE8D6,#F7E7CC,#CCCABE,#1E447E,#18376A,#335D93,#F1E3C3,#00215A,#F2E7D1,#0C366D
#0E3269,#FAE9D1,#082B64,#F6ECD2,#FDFCE2,#DECFB5,#09366A,#F2E9D4,#F5EBD9,#EEE5C9,#F9EAD2,#0A3176,#EEE1CC,#F6E9D2,#FBF3DC,#F9EFDB,#FBEBD1,#F6EED3,#FAE9CC,#254982,#EBE3D1,#F2E8CA,#133168,#F9EDD9,#F4EDE0,#0C356C,#E1DED7,#EFE6D5,#F7F0DD,#F6E0C1,#E4DBC8,#F9E8D2,#DADCDB,#123373,#F7ECD4,#FAF0DB,#F4E7D3,#DCD6CB,#082E65,#FDE7CB,#FFFCE3,#E2DBCD,#27558A,#FAE7C9,#193B6D
#0E326E,#F9ECD6,#395687,#0E396D,#33568F,#C8C1B5,#26548F,#1C4683,#183F78,#2C5792,#133F73,#19467E,#315D98,#355D95,#103467,#164678,#0B2F64,#1F4C85,#05336D,#0D3265,#174981,#05275F,#1F4D8B,#29548D,#0B306B,#1E4684,#224B85,#1C467E,#0A3269,#0F3874,#103572,#1E447F,#0A356F,#123570,#002456,#3367A3,#2A4E84,#032863,#27548B,#F7ECD5,#012B5D,#25548C,#15427B,#F9EFD8,#103D73
#0C2F60,#EFDEC0,#EFE2C7,#F7E7CB,#F4E7D1,#DED3C6,#F8EED6,#F4E9CE,#BEB3A1,#F5EAD1,#EADEC8,#E9E1CE,#E3DCCA,#EFE8D8,#F5EEDD,#C6BEAB,#EDE2CB,#ECE4CE,#F1E6CC,#F8EFD7,#F7E6D0,#F5E6CF,#E5DCD0,#E1D4C3,#FBEFD1,#E9DECA,#F8EACE,#F5E8CE,#FAEDD9,#ABA99A,#EEE3CC,#E1DECD,#DED3BB,#F7EBD6,#F4E9CE,#EEE1C7,#D6CBB7,#F7E7CF,#FBF0D8,#F8ECD7,#E3D6BF,#ECEDDF,#F6E5D0,#DBDED2,#4873A4
#042455,#1F477A,#5C82B5,#1F4177,#5179B0,#1A3B6B,#2A4C82,#12396E,#1E4277,#102E62,#0D3369,#24477C,#385F93,#0C3873,#15427C,#092458,#12356C,#092D64,#2E568A,#4A71A9,#092F63,#23497C,#274E84,#2D558C,#3D6198,#0B2F65,#356399,#426B9F,#072E61,#1F4681,#456EA2,#1D4A82,#5873A1,#577EB4,#2C578D,#092B62,#0B3168,#103367,#14386C,#173B74,#204B81,#205386,#12366C,#193E74,#133C74
